"","X","Mix_names","Compound1","Compound2","x1","Pc"
"1",1,"methane+ethane","methane","ethane",0.4,83.1
"2",2,"methane+ethane","methane","ethane",0.05,51.1
"3",3,"methane+ethane","methane","ethane",0.1498,55.5
"4",4,"methane+ethane","methane","ethane",0.3002,61.8
"5",5,"methane+ethane","methane","ethane",0.5002,67.6
"6",6,"methane+ethane","methane","ethane",0.7,67.3
"7",7,"methane+ethane","methane","ethane",0.8516,60.9
"8",8,"methane+ethane","methane","ethane",0.925,54
"9",9,"methane+ethane","methane","ethane",0.9746,49.1
"10",10,"methane+ethane","methane","ethane",0.19,62
"11",11,"methane+ethane","methane","ethane",0.56,68.9
"12",12,"methane+ethane","methane","ethane",0.82,62.7
"13",13,"methane+ethane","methane","ethane",0.96,51
"14",14,"methane+ethane","methane","ethane",0.952,51.57
"15",15,"methane+ethane","methane","ethane",0.9706,49.14
"16",16,"methane+ethane","methane","ethane",0.98214,48.13
"17",17,"methane+ethane","methane","ethane",0.99125,47.22
"18",18,"methane+propane","methane","propane",0.67,96.5
"19",19,"methane+propane","methane","propane",0.82,91.7
"20",20,"methane+propane","methane","propane",0.14,53
"21",21,"methane+propane","methane","propane",0.3228,70.3
"22",22,"methane+propane","methane","propane",0.4691,84
"23",23,"methane+propane","methane","propane",0.5882,93.2
"24",24,"methane+propane","methane","propane",0.6772,100.9
"25",25,"methane+propane","methane","propane",0.7459,101.6
"26",26,"methane+propane","methane","propane",0.745,99.9
"27",27,"methane+propane","methane","propane",0.8,95.1
"28",28,"methane+propane","methane","propane",0.835,94.4
"29",29,"methane+propane","methane","propane",0.921,77.2
"30",30,"methane+propane","methane","propane",0.945,73.2
"31",31,"methane+propane","methane","propane",0.96,47.5
"32",32,"methane+propane","methane","propane",0.1,52.8
"33",33,"methane+propane","methane","propane",0.2,61.4
"34",34,"methane+propane","methane","propane",0.3,70.2
"35",35,"methane+propane","methane","propane",0.4,79.8
"36",36,"methane+propane","methane","propane",0.5,89.1
"37",37,"methane+propane","methane","propane",0.6,97
"38",38,"methane+propane","methane","propane",0.7,101.2
"39",39,"methane+propane","methane","propane",0.17,56.7
"40",40,"methane+propane","methane","propane",0.28,67
"41",41,"methane+propane","methane","propane",0.42,79.8
"42",42,"methane+propane","methane","propane",0.49,86.1
"43",43,"methane+propane","methane","propane",0.57,91.2
"44",44,"methane+propane","methane","propane",0.9469,65.1
"45",45,"methane+propane","methane","propane",0.9856,49.9
"46",46,"methane+propane","methane","propane",0.9926,47.47
"47",47,"methane+butane","methane","butane",0.3609,87.1
"48",48,"methane+butane","methane","butane",0.4722,104.8
"49",49,"methane+butane","methane","butane",0.5503,117.1
"50",50,"methane+butane","methane","butane",0.6165,124.8
"51",51,"methane+butane","methane","butane",0.6718,129.3
"52",52,"methane+butane","methane","butane",0.7936,131.8
"53",53,"methane+butane","methane","butane",0.771,132.6
"54",54,"methane+butane","methane","butane",0.7953,132
"55",55,"methane+butane","methane","butane",0.863,118.9
"56",56,"methane+butane","methane","butane",0.9214,71.7
"57",59,"methane+pentane","methane","pentane",0.295,70.7
"58",60,"methane+pentane","methane","pentane",0.5211,111
"59",61,"methane+pentane","methane","pentane",0.6705,143.5
"60",62,"methane+pentane","methane","pentane",0.7665,161.2
"61",63,"methane+pentane","methane","pentane",0.8236,169.3
"62",64,"methane+hexane","methane","hexane",0.625,121.6
"63",65,"methane+hexane","methane","hexane",0.7466,196.2
"64",66,"methane+hexane","methane","hexane",0.85,203.2
"65",67,"methane+hexane","methane","hexane",0.8,208
"66",68,"methane+hexane","methane","hexane",0.9,190
"67",69,"methane+heptane","methane","heptane",0.441,83.1
"68",70,"methane+heptane","methane","heptane",0.585,131.4
"69",71,"methane+heptane","methane","heptane",0.672,170.2
"70",72,"methane+heptane","methane","heptane",0.732,201.7
"71",73,"methane+heptane","methane","heptane",0.778,227.4
"72",74,"methane+heptane","methane","heptane",0.817,244.6
"73",75,"methane+heptane","methane","heptane",0.855,248.8
"74",76,"methane+heptane","methane","heptane",0.894,229.4
"75",77,"methane+heptane","methane","heptane",0.8,232
"76",78,"methane+heptane","methane","heptane",0.815,235
"77",79,"methane+heptane","methane","heptane",0.83,237
"78",80,"methane+heptane","methane","heptane",0.85,240
"79",81,"methane+octane","methane","octane",0.787,273.4
"80",82,"methane+octane","methane","octane",0.798,266.5
"81",83,"methane+nonane","methane","nonane",0.86,317
"82",84,"methane+nonane","methane","nonane",0.872,322
"83",85,"methane+nonane","methane","nonane",0.88,322
"84",86,"methane+nonane","methane","nonane",0.885,323
"85",87,"methane+decane","methane","decane",0.739,200.6
"86",88,"methane+decane","methane","decane",0.798,248.4
"87",89,"methane+decane","methane","decane",0.833,287
"88",90,"methane+decane","methane","decane",0.857,315.7
"89",91,"methane+decane","methane","decane",0.877,340.1
"90",92,"methane+decane","methane","decane",0.891,357.6
"91",93,"methane+decane","methane","decane",0.898,365.8
"92",94,"methane+decane","methane","decane",0.857,342
"93",95,"methane+decane","methane","decane",0.87,354
"94",96,"methane+decane","methane","decane",0.875,365
"95",97,"methane+decane","methane","decane",0.885,370
"96",98,"methane+decane","methane","decane",0.905,361.3
"97",99,"ethane+propane","ethane","propane",0.093,44.7
"98",100,"ethane+propane","ethane","propane",0.3215,50.7
"99",101,"ethane+propane","ethane","propane",0.506,50.9
"100",102,"ethane+propane","ethane","propane",0.6685,51.9
"101",103,"ethane+propane","ethane","propane",0.81,51.7
"102",104,"ethane+propane","ethane","propane",0.935,50.5
"103",105,"ethane+butane","ethane","butane",0.1749,44.6
"104",106,"ethane+butane","ethane","butane",0.451,53.8
"105",107,"ethane+butane","ethane","butane",0.6577,58.1
"106",108,"ethane+butane","ethane","butane",0.8218,57
"107",109,"ethane+butane","ethane","butane",0.9472,52.4
"108",110,"ethane+butane","ethane","butane",0.382,51.7
"109",111,"ethane+butane","ethane","butane",0.625,57.7
"110",112,"ethane+butane","ethane","butane",0.81,57.8
"111",113,"ethane+butane","ethane","butane",0.813,57.1
"112",114,"ethane+butane","ethane","butane",0.602,57.7
"113",115,"ethane+butane","ethane","butane",0.874,56.1
"114",116,"ethane+butane","ethane","butane",0.075,40.7
"115",117,"ethane+butane","ethane","butane",0.481,62.3
"116",118,"ethane+butane","ethane","butane",0.652,67.8
"117",119,"ethane+butane","ethane","butane",0.764,67.8
"118",120,"ethane+butane","ethane","butane",0.562,62.7
"119",121,"ethane+butane","ethane","butane",0.766,66.5
"120",122,"ethane+butane","ethane","butane",0.888,58.4
"121",123,"ethane+butane","ethane","butane",0.865,62.7
"122",124,"ethane+hexane","ethane","hexane",0.525,67.6
"123",125,"ethane+hexane","ethane","hexane",0.735,79
"124",126,"ethane+hexane","ethane","hexane",0.92,64.7
"125",127,"ethane+heptane","ethane","heptane",0.2654,47
"126",128,"ethane+heptane","ethane","heptane",0.5871,76.2
"127",129,"ethane+heptane","ethane","heptane",0.7709,87
"128",130,"ethane+heptane","ethane","heptane",0.8871,78
"129",131,"ethane+heptane","ethane","heptane",0.9683,58.6
"130",132,"ethane+heptane","ethane","heptane",0.655,80.1
"131",133,"ethane+heptane","ethane","heptane",0.7104,85.34
"132",134,"ethane+heptane","ethane","heptane",0.8014,88.71
"133",135,"ethane+heptane","ethane","heptane",0.876,83.74
"134",136,"ethane+heptane","ethane","heptane",0.9112,73.83
"135",137,"ethane+heptane","ethane","heptane",0.681,84
"136",138,"ethane+heptane","ethane","heptane",0.76,87.8
"137",139,"ethane+heptane","ethane","heptane",0.825,86.1
"138",140,"ethane+heptane","ethane","heptane",0.883,80
"139",141,"ethane+heptane","ethane","heptane",0.939,68.3
"140",142,"ethane+decane","ethane","decane",0.698,102
"141",143,"ethane+decane","ethane","decane",0.788,113.1
"142",144,"ethane+decane","ethane","decane",0.835,118.2
"143",145,"ethane+decane","ethane","decane",0.888,116.3
"144",146,"ethane+decane","ethane","decane",0.927,104.7
"145",147,"ethane+decane","ethane","decane",0.964,81.6
"146",148,"ethane+decane","ethane","decane",0.995,53.6
"147",149,"ethane+decane","ethane","decane",0.977,53.6
"148",150,"propane+butane","propane","butane",0.203,40.5
"149",151,"propane+butane","propane","butane",0.339,41.9
"150",152,"propane+butane","propane","butane",0.516,43.5
"151",153,"propane+butane","propane","butane",0.695,44
"152",154,"propane+butane","propane","butane",0.855,43.5
"153",155,"propane+butane","propane","butane",0.456,43
"154",156,"propane+butane","propane","butane",0.7,43.6
"155",157,"propane+butane","propane","butane",0.147,39.35
"156",158,"propane+butane","propane","butane",0.309,40.74
"157",159,"propane+butane","propane","butane",0.521,42.36
"158",160,"propane+butane","propane","butane",0.755,43.05
"159",161,"propane+butane","propane","butane",0.826,43.07
"160",162,"propane+butane","propane","butane",0.926,42.85
"161",163,"propane+butane","propane","butane",0.8895,43.3
"162",164,"propane+pentane","propane","pentane",0.3498,41.9
"163",165,"propane+pentane","propane","pentane",0.5557,44.7
"164",166,"propane+pentane","propane","pentane",0.7921,46.2
"165",167,"propane+pentane","propane","pentane",0.819,45.8
"166",168,"propane+pentane","propane","pentane",0.147,37.13
"167",169,"propane+pentane","propane","pentane",0.387,42.33
"168",170,"propane+pentane","propane","pentane",0.616,45.34
"169",171,"propane+pentane","propane","pentane",0.786,45.64
"170",172,"propane+pentane","propane","pentane",0.878,44.94
"171",173,"propane+hexane","propane","hexane",0.22,37.06
"172",174,"propane+hexane","propane","hexane",0.46,44.96
"173",175,"propane+hexane","propane","hexane",0.649,49.1
"174",176,"propane+hexane","propane","hexane",0.76,49.9
"175",177,"propane+hexane","propane","hexane",0.813,49.51
"176",178,"propane+hexane","propane","hexane",0.918,46.89
"177",179,"propane+hexane","propane","hexane",0.1435,35.27
"178",180,"propane+hexane","propane","hexane",0.4437,44.34
"179",181,"propane+hexane","propane","hexane",0.6996,49.75
"180",182,"propane+hexane","propane","hexane",0.8201,49.41
"181",183,"propane+hexane","propane","hexane",0.9218,46.55
"182",184,"propane+heptane","propane","heptane",0.214,36.06
"183",185,"propane+heptane","propane","heptane",0.519,48.71
"184",186,"propane+heptane","propane","heptane",0.715,53.88
"185",187,"propane+heptane","propane","heptane",0.851,53.36
"186",188,"propane+heptane","propane","heptane",0.909,51.09
"187",189,"propane+octane","propane","octane",0.214,35.44
"188",190,"propane+octane","propane","octane",0.331,41.48
"189",191,"propane+octane","propane","octane",0.573,53.64
"190",192,"propane+octane","propane","octane",0.718,58.59
"191",193,"propane+octane","propane","octane",0.775,59.6
"192",194,"propane+octane","propane","octane",0.864,57.86
"193",195,"propane+octane","propane","octane",0.959,49.29
"194",196,"propane+decane","propane","decane",0.712,68.1
"195",197,"propane+decane","propane","decane",0.7993,70.8
"196",198,"propane+decane","propane","decane",0.8673,67.6
"197",199,"propane+decane","propane","decane",0.9283,60.2
"198",200,"propane+decane","propane","decane",0.987,46.7
"199",201,"butane+pentane","butane","pentane",0.1,34.4
"200",202,"butane+pentane","butane","pentane",0.2,35.18
"201",203,"butane+pentane","butane","pentane",0.3,35.89
"202",204,"butane+pentane","butane","pentane",0.4,36.43
"203",205,"butane+pentane","butane","pentane",0.5,36.83
"204",206,"butane+pentane","butane","pentane",0.6,37.2
"205",207,"butane+pentane","butane","pentane",0.7,37.49
"206",208,"butane+pentane","butane","pentane",0.8,37.71
"207",209,"butane+pentane","butane","pentane",0.9,37.84
"208",210,"butane+hexane","butane","hexane",0.1,31.81
"209",211,"butane+hexane","butane","hexane",0.2,33.34
"210",212,"butane+hexane","butane","hexane",0.3,34.77
"211",213,"butane+hexane","butane","hexane",0.4,36.01
"212",214,"butane+hexane","butane","hexane",0.5,37.14
"213",215,"butane+hexane","butane","hexane",0.6,38.11
"214",216,"butane+hexane","butane","hexane",0.7,38.73
"215",217,"butane+hexane","butane","hexane",0.8,38.95
"216",218,"butane+hexane","butane","hexane",0.9,38.76
"217",219,"butane+heptane","butane","heptane",0.159,31.1
"218",220,"butane+heptane","butane","heptane",0.4249,37.1
"219",221,"butane+heptane","butane","heptane",0.6311,40.5
"220",222,"butane+heptane","butane","heptane",0.801,41.1
"221",223,"butane+heptane","butane","heptane",0.9401,39.7
"222",224,"butane+heptane","butane","heptane",0.1,29.7
"223",225,"butane+heptane","butane","heptane",0.2,32.11
"224",226,"butane+heptane","butane","heptane",0.3,34.44
"225",227,"butane+heptane","butane","heptane",0.4,36.59
"226",228,"butane+heptane","butane","heptane",0.5,38.45
"227",229,"butane+heptane","butane","heptane",0.6,39.22
"228",230,"butane+heptane","butane","heptane",0.7,40.8
"229",231,"butane+heptane","butane","heptane",0.8,41.09
"230",232,"butane+heptane","butane","heptane",0.9,40.41
"231",233,"butane+octane","butane","octane",0.1,27.8
"232",234,"butane+octane","butane","octane",0.2,30.7
"233",235,"butane+octane","butane","octane",0.3,33.63
"234",236,"butane+octane","butane","octane",0.4,36.53
"235",237,"butane+octane","butane","octane",0.5,39.22
"236",238,"butane+octane","butane","octane",0.6,41.47
"237",239,"butane+octane","butane","octane",0.7,42.91
"238",240,"butane+octane","butane","octane",0.8,43.22
"239",241,"butane+octane","butane","octane",0.9,41.9
"240",242,"butane+decane","butane","decane",0.739,49.2
"241",243,"butane+decane","butane","decane",0.865,47.8
"242",244,"butane+decane","butane","decane",0.956,42.5
"243",250,"pentane+heptane","pentane","heptane",0.255,30.6
"244",251,"pentane+heptane","pentane","heptane",0.558,33
"245",252,"pentane+heptane","pentane","heptane",0.747,33.2
"246",265,"pentane+nonane","pentane","nonane",0.1,25.01
"247",266,"pentane+nonane","pentane","nonane",0.2,27.13
"248",267,"pentane+nonane","pentane","nonane",0.3,29.25
"249",268,"pentane+nonane","pentane","nonane",0.4,31.17
"250",269,"pentane+nonane","pentane","nonane",0.5,32.99
"251",270,"pentane+nonane","pentane","nonane",0.6,34.64
"252",271,"pentane+nonane","pentane","nonane",0.7,36.01
"253",272,"pentane+nonane","pentane","nonane",0.8,36.57
"254",273,"pentane+nonane","pentane","nonane",0.9,36.07
"255",299,"hexane+heptane","hexane","heptane",0.1,27.96
"256",300,"hexane+heptane","hexane","heptane",0.2,28.3
"257",301,"hexane+heptane","hexane","heptane",0.3,28.64
"258",302,"hexane+heptane","hexane","heptane",0.4,28.99
"259",303,"hexane+heptane","hexane","heptane",0.5,29.34
"260",304,"hexane+heptane","hexane","heptane",0.6,29.63
"261",305,"hexane+heptane","hexane","heptane",0.7,29.87
"262",306,"hexane+heptane","hexane","heptane",0.8,30.08
"263",307,"hexane+heptane","hexane","heptane",0.9,30.3
"264",308,"hexane+octane","hexane","octane",0.1,25.95
"265",309,"hexane+octane","hexane","octane",0.2,26.71
"266",310,"hexane+octane","hexane","octane",0.3,27.46
"267",311,"hexane+octane","hexane","octane",0.4,28.2
"268",312,"hexane+octane","hexane","octane",0.5,28.92
"269",313,"hexane+octane","hexane","octane",0.6,29.5
"270",314,"hexane+octane","hexane","octane",0.7,29.94
"271",315,"hexane+octane","hexane","octane",0.8,30.3
"272",316,"hexane+octane","hexane","octane",0.9,30.52
"273",317,"hexane+decane","hexane","decane",0.1,23.06
"274",318,"hexane+decane","hexane","decane",0.2,24.72
"275",319,"hexane+decane","hexane","decane",0.3,26.35
"276",320,"hexane+decane","hexane","decane",0.4,27.98
"277",321,"hexane+decane","hexane","decane",0.5,29.45
"278",322,"hexane+decane","hexane","decane",0.6,30.67
"279",323,"hexane+decane","hexane","decane",0.7,31.52
"280",324,"hexane+decane","hexane","decane",0.8,31.9
"281",325,"hexane+decane","hexane","decane",0.9,31.64
"282",326,"hexane+tridecane","hexane","tridecane",0.1,19.9
"283",327,"hexane+tridecane","hexane","tridecane",0.2,22.63
"284",328,"hexane+tridecane","hexane","tridecane",0.3,25.3
"285",329,"hexane+tridecane","hexane","tridecane",0.4,27.92
"286",330,"hexane+tridecane","hexane","tridecane",0.5,30.42
"287",331,"hexane+tridecane","hexane","tridecane",0.6,32.78
"288",332,"hexane+tridecane","hexane","tridecane",0.7,34.44
"289",333,"hexane+tridecane","hexane","tridecane",0.8,35.16
"290",334,"hexane+tridecane","hexane","tridecane",0.9,34.42
"291",335,"hexane+tetradecane","hexane","tetradecane",0.1,17.57
"292",336,"hexane+tetradecane","hexane","tetradecane",0.2,20.77
"293",337,"hexane+tetradecane","hexane","tetradecane",0.3,23.96
"294",338,"hexane+tetradecane","hexane","tetradecane",0.4,27.16
"295",339,"hexane+tetradecane","hexane","tetradecane",0.5,30.22
"296",340,"hexane+tetradecane","hexane","tetradecane",0.6,33.09
"297",341,"hexane+tetradecane","hexane","tetradecane",0.7,35.44
"298",342,"hexane+tetradecane","hexane","tetradecane",0.8,36.68
"299",343,"hexane+tetradecane","hexane","tetradecane",0.9,35.68
"300",344,"heptane+octane","heptane","octane",0.1,25.46
"301",345,"heptane+octane","heptane","octane",0.2,25.78
"302",346,"heptane+octane","heptane","octane",0.3,26.07
"303",347,"heptane+octane","heptane","octane",0.4,26.34
"304",348,"heptane+octane","heptane","octane",0.5,26.61
"305",349,"heptane+octane","heptane","octane",0.6,26.84
"306",350,"heptane+octane","heptane","octane",0.7,27.06
"307",351,"heptane+octane","heptane","octane",0.8,27.26
"308",352,"heptane+octane","heptane","octane",0.9,27.44
"309",353,"nonane+tridecane","nonane","tridecane",0.1,18.22
"310",354,"nonane+tridecane","nonane","tridecane",0.2,19.17
"311",355,"nonane+tridecane","nonane","tridecane",0.3,20.12
"312",356,"nonane+tridecane","nonane","tridecane",0.4,21.02
"313",357,"nonane+tridecane","nonane","tridecane",0.5,21.82
"314",358,"nonane+tridecane","nonane","tridecane",0.6,22.49
"315",359,"nonane+tridecane","nonane","tridecane",0.7,22.96
"316",360,"nonane+tridecane","nonane","tridecane",0.8,23.22
"317",361,"nonane+tridecane","nonane","tridecane",0.9,23.22
"318",362,"decane+dodecane","decane","dodecane",0.1,19.04
"319",363,"decane+dodecane","decane","dodecane",0.2,19.43
"320",364,"decane+dodecane","decane","dodecane",0.3,19.78
"321",365,"decane+dodecane","decane","dodecane",0.4,20.1
"322",366,"decane+dodecane","decane","dodecane",0.5,20.39
"323",367,"decane+dodecane","decane","dodecane",0.6,20.65
"324",368,"decane+dodecane","decane","dodecane",0.7,20.87
"325",369,"decane+dodecane","decane","dodecane",0.8,21.08
"326",370,"decane+dodecane","decane","dodecane",0.9,21.26
"327",371,"methane+cyclohexane","methane","cyclohexane",0.608,200.6
"328",372,"methane+cyclohexane","methane","cyclohexane",0.667,230.9
"329",373,"methane+cyclohexane","methane","cyclohexane",0.711,254.3
"330",374,"methane+cyclohexane","methane","cyclohexane",0.737,267.4
"331",375,"methane+cyclohexane","methane","cyclohexane",0.765,278.4
"332",376,"methane+cyclohexane","methane","cyclohexane",0.758,281.9
"333",377,"ethane+cyclohexane","ethane","cyclohexane",0.1378,52.2
"334",378,"ethane+cyclohexane","ethane","cyclohexane",0.2893,65.6
"335",379,"ethane+cyclohexane","ethane","cyclohexane",0.4284,78.1
"336",380,"ethane+cyclohexane","ethane","cyclohexane",0.502,84
"337",381,"ethane+cyclohexane","ethane","cyclohexane",0.5785,87.6
"338",382,"ethane+cyclohexane","ethane","cyclohexane",0.7099,92.1
"339",383,"ethane+cyclohexane","ethane","cyclohexane",0.7298,91.5
"340",384,"ethane+cyclohexane","ethane","cyclohexane",0.8617,78.8
"341",385,"pentane+cyclopentane","pentane","cyclopentane",0.1,43.91
"342",386,"pentane+cyclopentane","pentane","cyclopentane",0.2,42.67
"343",387,"pentane+cyclopentane","pentane","cyclopentane",0.3,41.42
"344",388,"pentane+cyclopentane","pentane","cyclopentane",0.4,40.28
"345",389,"pentane+cyclopentane","pentane","cyclopentane",0.5,39.15
"346",390,"pentane+cyclopentane","pentane","cyclopentane",0.6,38.05
"347",391,"pentane+cyclopentane","pentane","cyclopentane",0.7,36.96
"348",392,"pentane+cyclopentane","pentane","cyclopentane",0.8,35.94
"349",393,"pentane+cyclopentane","pentane","cyclopentane",0.9,34.93
"350",399,"hexane+cyclopentane","hexane","cyclopentane",0.1,43.28
"351",400,"hexane+cyclopentane","hexane","cyclopentane",0.2,41.52
"352",401,"hexane+cyclopentane","hexane","cyclopentane",0.3,39.85
"353",402,"hexane+cyclopentane","hexane","cyclopentane",0.4,38.3
"354",403,"hexane+cyclopentane","hexane","cyclopentane",0.5,36.83
"355",404,"hexane+cyclopentane","hexane","cyclopentane",0.6,35.43
"356",405,"hexane+cyclopentane","hexane","cyclopentane",0.7,34.11
"357",406,"hexane+cyclopentane","hexane","cyclopentane",0.8,32.81
"358",407,"hexane+cyclopentane","hexane","cyclopentane",0.9,31.59
"359",411,"hexane+cyclohexane","hexane","cyclohexane",0.1,39.61
"360",412,"hexane+cyclohexane","hexane","cyclohexane",0.2,38.4
"361",413,"hexane+cyclohexane","hexane","cyclohexane",0.3,37.31
"362",414,"hexane+cyclohexane","hexane","cyclohexane",0.4,36.28
"363",415,"hexane+cyclohexane","hexane","cyclohexane",0.5,35.28
"364",416,"hexane+cyclohexane","hexane","cyclohexane",0.6,34.24
"365",417,"hexane+cyclohexane","hexane","cyclohexane",0.7,33.17
"366",418,"hexane+cyclohexane","hexane","cyclohexane",0.8,32.17
"367",419,"hexane+cyclohexane","hexane","cyclohexane",0.9,31.28
"368",420,"heptane+cyclopentane","heptane","cyclopentane",0.1,43.32
"369",421,"heptane+cyclopentane","heptane","cyclopentane",0.2,41.35
"370",422,"heptane+cyclopentane","heptane","cyclopentane",0.3,39.44
"371",423,"heptane+cyclopentane","heptane","cyclopentane",0.4,37.62
"372",424,"heptane+cyclopentane","heptane","cyclopentane",0.5,35.83
"373",425,"heptane+cyclopentane","heptane","cyclopentane",0.6,34.02
"374",426,"heptane+cyclopentane","heptane","cyclopentane",0.7,32.24
"375",427,"heptane+cyclopentane","heptane","cyclopentane",0.8,30.61
"376",428,"heptane+cyclopentane","heptane","cyclopentane",0.9,29.14
"377",429,"heptane+cyclohexane","heptane","cyclohexane",0.1,39.07
"378",430,"heptane+cyclohexane","heptane","cyclohexane",0.2,37.48
"379",431,"heptane+cyclohexane","heptane","cyclohexane",0.3,36.02
"380",432,"heptane+cyclohexane","heptane","cyclohexane",0.4,34.6
"381",433,"heptane+cyclohexane","heptane","cyclohexane",0.5,33.23
"382",434,"heptane+cyclohexane","heptane","cyclohexane",0.6,31.95
"383",435,"heptane+cyclohexane","heptane","cyclohexane",0.7,30.77
"384",436,"heptane+cyclohexane","heptane","cyclohexane",0.8,29.73
"385",437,"heptane+cyclohexane","heptane","cyclohexane",0.9,28.65
"386",438,"octane+cyclopentane","octane","cyclopentane",0.1,43.75
"387",439,"octane+cyclopentane","octane","cyclopentane",0.2,41.92
"388",440,"octane+cyclopentane","octane","cyclopentane",0.3,39.8
"389",441,"octane+cyclopentane","octane","cyclopentane",0.4,37.6
"390",442,"octane+cyclopentane","octane","cyclopentane",0.5,35.42
"391",443,"octane+cyclopentane","octane","cyclopentane",0.6,33.25
"392",444,"octane+cyclopentane","octane","cyclopentane",0.7,31.13
"393",445,"octane+cyclopentane","octane","cyclopentane",0.8,29.01
"394",446,"octane+cyclopentane","octane","cyclopentane",0.9,27
"395",447,"octane+cyclohexane","octane","cyclohexane",0.1,39.03
"396",448,"octane+cyclohexane","octane","cyclohexane",0.2,37.28
"397",449,"octane+cyclohexane","octane","cyclohexane",0.3,35.52
"398",450,"octane+cyclohexane","octane","cyclohexane",0.4,33.79
"399",451,"octane+cyclohexane","octane","cyclohexane",0.5,32.13
"400",452,"octane+cyclohexane","octane","cyclohexane",0.6,30.67
"401",453,"octane+cyclohexane","octane","cyclohexane",0.7,29.24
"402",454,"octane+cyclohexane","octane","cyclohexane",0.8,27.82
"403",455,"octane+cyclohexane","octane","cyclohexane",0.9,26.39
"404",456,"nonane+cyclopentane","nonane","cyclopentane",0.1,44.62
"405",457,"nonane+cyclopentane","nonane","cyclopentane",0.2,42.87
"406",458,"nonane+cyclopentane","nonane","cyclopentane",0.3,40.55
"407",459,"nonane+cyclopentane","nonane","cyclopentane",0.4,38
"408",460,"nonane+cyclopentane","nonane","cyclopentane",0.5,35.35
"409",461,"nonane+cyclopentane","nonane","cyclopentane",0.6,32.72
"410",462,"nonane+cyclopentane","nonane","cyclopentane",0.7,30.09
"411",463,"nonane+cyclopentane","nonane","cyclopentane",0.8,27.48
"412",464,"nonane+cyclopentane","nonane","cyclopentane",0.9,25.15
"413",465,"nonane+cyclohexane","nonane","cyclohexane",0.1,39.19
"414",466,"nonane+cyclohexane","nonane","cyclohexane",0.2,37.39
"415",467,"nonane+cyclohexane","nonane","cyclohexane",0.3,35.47
"416",468,"nonane+cyclohexane","nonane","cyclohexane",0.4,33.39
"417",469,"nonane+cyclohexane","nonane","cyclohexane",0.5,31.43
"418",470,"nonane+cyclohexane","nonane","cyclohexane",0.6,29.64
"419",471,"nonane+cyclohexane","nonane","cyclohexane",0.7,27.88
"420",472,"nonane+cyclohexane","nonane","cyclohexane",0.8,26.14
"421",473,"nonane+cyclohexane","nonane","cyclohexane",0.9,24.44
"422",474,"decane+cyclohexane","decane","cyclohexane",0.1,39.77
"423",475,"decane+cyclohexane","decane","cyclohexane",0.2,38.01
"424",476,"decane+cyclohexane","decane","cyclohexane",0.3,35.72
"425",477,"decane+cyclohexane","decane","cyclohexane",0.4,33.41
"426",478,"decane+cyclohexane","decane","cyclohexane",0.5,31.15
"427",479,"decane+cyclohexane","decane","cyclohexane",0.6,28.96
"428",480,"decane+cyclohexane","decane","cyclohexane",0.7,26.9
"429",481,"decane+cyclohexane","decane","cyclohexane",0.8,24.98
"430",482,"decane+cyclohexane","decane","cyclohexane",0.9,23.14
"431",483,"tridecane+cyclohexane","tridecane","cyclohexane",0.1,42.13
"432",484,"tridecane+cyclohexane","tridecane","cyclohexane",0.2,40.49
"433",485,"tridecane+cyclohexane","tridecane","cyclohexane",0.3,37.6
"434",486,"tridecane+cyclohexane","tridecane","cyclohexane",0.4,34.36
"435",487,"tridecane+cyclohexane","tridecane","cyclohexane",0.5,31.15
"436",488,"tridecane+cyclohexane","tridecane","cyclohexane",0.6,28.02
"437",489,"tridecane+cyclohexane","tridecane","cyclohexane",0.7,25.06
"438",490,"tridecane+cyclohexane","tridecane","cyclohexane",0.8,22.35
"439",491,"tridecane+cyclohexane","tridecane","cyclohexane",0.9,19.78
"440",492,"methane+2-methylpropane","methane","2-methylpropane",0.337,71
"441",493,"methane+2-methylpropane","methane","2-methylpropane",0.558,100.4
"442",494,"methane+2-methylpropane","methane","2-methylpropane",0.69,115.7
"443",495,"methane+2-methylbutane","methane","2-methylbutane",0.15,50.02
"444",496,"methane+2-methylbutane","methane","2-methylbutane",0.3339,75.73
"445",497,"methane+2,2-dimethylpropane","methane","2,2-dimethylpropane",0.845,255
"446",498,"methane+methylcyclohexane","methane","methylcyclohexane",0.91,26.79
"447",499,"methane+methylcyclohexane","methane","methylcyclohexane",0.91,26.3
"448",500,"methane+methylcyclohexane","methane","methylcyclohexane",0.915,25.89
"449",501,"methane+methylcyclohexane","methane","methylcyclohexane",0.92,25.66
"450",502,"methane+methylcyclohexane","methane","methylcyclohexane",0.92,25.78
"451",503,"methane+methylcyclohexane","methane","methylcyclohexane",0.93,26.58
"452",504,"methane+ethene","methane","ethene",0.11,67.4
"453",505,"methane+ethene","methane","ethene",0.59,75
"454",506,"methane+ethene","methane","ethene",0.85,51.7
"455",507,"ethane+ethene","ethane","ethene",0.285,52
"456",508,"ethane+ethene","ethane","ethene",0.44,51.9
"457",509,"ethane+prop-1-ene","ethane","prop-1-ene",0.0525,46.62
"458",510,"ethane+prop-1-ene","ethane","prop-1-ene",0.1031,47.07
"459",511,"ethane+prop-1-ene","ethane","prop-1-ene",0.3445,50.06
"460",512,"ethane+prop-1-ene","ethane","prop-1-ene",0.5285,51.18
"461",513,"ethane+prop-1-ene","ethane","prop-1-ene",0.8056,51.06
"462",514,"ethane+prop-1-ene","ethane","prop-1-ene",0.8989,49.87
"463",515,"ethane+prop-1-ene","ethane","prop-1-ene",0.9502,49.45
"464",516,"ethane+prop-1-ene","ethane","prop-1-ene",0.35,48.6
"465",517,"ethane+prop-1-ene","ethane","prop-1-ene",0.93,49.8
"466",518,"ethane+acetylene","ethane","acetylene",0.27,56.98
"467",519,"ethane+acetylene","ethane","acetylene",0.41,55.72
"468",520,"ethane+acetylene","ethane","acetylene",0.51,55.37
"469",521,"ethane+acetylene","ethane","acetylene",0.61,54.11
"470",522,"ethane+acetylene","ethane","acetylene",0.68,52.75
"471",523,"ethane+benzene","ethane","benzene",0.0646,63.14
"472",524,"ethane+benzene","ethane","benzene",0.199,84.89
"473",525,"ethane+benzene","ethane","benzene",0.2798,93.44
"474",526,"ethane+benzene","ethane","benzene",0.5012,95.22
"475",527,"ethane+benzene","ethane","benzene",0.6998,77.08
"476",528,"ethane+benzene","ethane","benzene",0.8756,59.9
"477",529,"propane+2-methylbutane","propane","2-methylbutane",0.101,36.43
"478",530,"propane+2-methylbutane","propane","2-methylbutane",0.393,42.33
"479",531,"propane+2-methylbutane","propane","2-methylbutane",0.588,44.98
"480",532,"propane+2-methylbutane","propane","2-methylbutane",0.794,45.7
"481",533,"propane+2-methylbutane","propane","2-methylbutane",0.899,44.73
"482",534,"propane+acetylene","propane","acetylene",0.166,63
"483",535,"propane+acetylene","propane","acetylene",0.237,63.8
"484",536,"propane+acetylene","propane","acetylene",0.297,64.1
"485",537,"propane+acetylene","propane","acetylene",0.433,64.2
"486",538,"propane+acetylene","propane","acetylene",0.514,63.7
"487",539,"propane+acetylene","propane","acetylene",0.546,62.4
"488",540,"propane+acetylene","propane","acetylene",0.86,53.8
"489",541,"propane+benzene","propane","benzene",0.487,59.8
"490",542,"propane+benzene","propane","benzene",0.683,59.2
"491",543,"propane+benzene","propane","benzene",0.875,53
"492",544,"propane+benzene","propane","benzene",0.985,44.1
"493",545,"propane+2,2-dimethylbutane","propane","2,2-dimethylbutane",0.1527,35.17
"494",546,"propane+2,2-dimethylbutane","propane","2,2-dimethylbutane",0.449,43.1
"495",547,"propane+2,2-dimethylbutane","propane","2,2-dimethylbutane",0.6587,46.98
"496",548,"propane+2,2-dimethylbutane","propane","2,2-dimethylbutane",0.8205,46.98
"497",549,"propane+2,2-dimethylbutane","propane","2,2-dimethylbutane",0.9194,45.25
"498",550,"propane+2,3-dimethylbutane","propane","2,3-dimethylbutane",0.1516,36.15
"499",551,"propane+2,3-dimethylbutane","propane","2,3-dimethylbutane",0.4522,44.49
"500",552,"propane+2,3-dimethylbutane","propane","2,3-dimethylbutane",0.6508,48.36
"501",553,"propane+2,3-dimethylbutane","propane","2,3-dimethylbutane",0.8257,48.24
"502",554,"propane+2,3-dimethylbutane","propane","2,3-dimethylbutane",0.9153,46.11
"503",555,"propane+2-methylpentane","propane","2-methylpentane",0.1497,34.77
"504",556,"propane+2-methylpentane","propane","2-methylpentane",0.4446,43.68
"505",557,"propane+2-methylpentane","propane","2-methylpentane",0.6488,47.8
"506",558,"propane+2-methylpentane","propane","2-methylpentane",0.8196,48
"507",559,"propane+2-methylpentane","propane","2-methylpentane",0.919,45.77
"508",560,"propane+3-methylpentane","propane","3-methylpentane",0.1451,36.13
"509",561,"propane+3-methylpentane","propane","3-methylpentane",0.4453,45.22
"510",562,"propane+3-methylpentane","propane","3-methylpentane",0.6554,49.01
"511",563,"propane+3-methylpentane","propane","3-methylpentane",0.8336,48.64
"512",564,"propane+3-methylpentane","propane","3-methylpentane",0.885,46.85
"513",578,"pentane+ethylbenzene","pentane","ethylbenzene",0.1,37.74
"514",579,"pentane+ethylbenzene","pentane","ethylbenzene",0.2,39.06
"515",580,"pentane+ethylbenzene","pentane","ethylbenzene",0.3,40.05
"516",581,"pentane+ethylbenzene","pentane","ethylbenzene",0.4,40.68
"517",582,"pentane+ethylbenzene","pentane","ethylbenzene",0.5,40.9
"518",583,"pentane+ethylbenzene","pentane","ethylbenzene",0.6,40.59
"519",584,"pentane+ethylbenzene","pentane","ethylbenzene",0.7,39.72
"520",585,"pentane+ethylbenzene","pentane","ethylbenzene",0.8,38.35
"521",586,"pentane+ethylbenzene","pentane","ethylbenzene",0.9,36.35
"522",591,"hexane+methylcyclopentane","hexane","methylcyclopentane",0.1,37.07
"523",592,"hexane+methylcyclopentane","hexane","methylcyclopentane",0.2,36.25
"524",593,"hexane+methylcyclopentane","hexane","methylcyclopentane",0.3,35.47
"525",594,"hexane+methylcyclopentane","hexane","methylcyclopentane",0.4,34.69
"526",595,"hexane+methylcyclopentane","hexane","methylcyclopentane",0.5,33.9
"527",596,"hexane+methylcyclopentane","hexane","methylcyclopentane",0.6,36.12
"528",597,"hexane+methylcyclopentane","hexane","methylcyclopentane",0.7,34.46
"529",598,"hexane+methylcyclopentane","hexane","methylcyclopentane",0.8,33.08
"530",599,"hexane+methylcyclopentane","hexane","methylcyclopentane",0.9,31.7
"531",616,"hexane+acetylene","hexane","acetylene",0.335,104
"532",617,"hexane+acetylene","hexane","acetylene",0.405,93.7
"533",618,"hexane+acetylene","hexane","acetylene",0.485,78.7
"534",619,"hexane+acetylene","hexane","acetylene",0.625,62.3
"535",626,"hexane+benzene","hexane","benzene",0.1,46.6
"536",627,"hexane+benzene","hexane","benzene",0.2,44.1
"537",628,"hexane+benzene","hexane","benzene",0.3,41.8
"538",629,"hexane+benzene","hexane","benzene",0.4,39.7
"539",630,"hexane+benzene","hexane","benzene",0.5,37.9
"540",631,"hexane+benzene","hexane","benzene",0.6,36.13
"541",632,"hexane+benzene","hexane","benzene",0.7,34.47
"542",633,"hexane+benzene","hexane","benzene",0.8,33.09
"543",634,"hexane+benzene","hexane","benzene",0.9,31.72
"544",638,"hexane+toluene","hexane","toluene",0.366,39.51
"545",639,"hexane+toluene","hexane","toluene",0.505,37.99
"546",640,"hexane+toluene","hexane","toluene",0.7,35.37
"547",641,"hexane+ethylbenzene","hexane","ethylbenzene",0.1,36.51
"548",642,"hexane+ethylbenzene","hexane","ethylbenzene",0.2,36.52
"549",643,"hexane+ethylbenzene","hexane","ethylbenzene",0.3,36.37
"550",644,"hexane+ethylbenzene","hexane","ethylbenzene",0.4,36.02
"551",645,"hexane+ethylbenzene","hexane","ethylbenzene",0.5,35.51
"552",646,"hexane+ethylbenzene","hexane","ethylbenzene",0.6,34.84
"553",647,"hexane+ethylbenzene","hexane","ethylbenzene",0.7,33.9
"554",648,"hexane+ethylbenzene","hexane","ethylbenzene",0.8,32.82
"555",649,"hexane+ethylbenzene","hexane","ethylbenzene",0.9,31.66
"556",650,"heptane+ethene","heptane","ethene",0.0301,64.2
"557",651,"heptane+ethene","heptane","ethene",0.1069,90.9
"558",652,"heptane+ethene","heptane","ethene",0.2199,104.5
"559",653,"heptane+ethene","heptane","ethene",0.3948,90.7
"560",654,"heptane+ethene","heptane","ethene",0.5275,74.5
"561",655,"heptane+ethene","heptane","ethene",0.7143,52.3
"562",656,"heptane+ethene","heptane","ethene",0.8154,42.3
"563",657,"heptane+ethene","heptane","ethene",0.9296,32.5
"564",658,"heptane+benzene","heptane","benzene",0.1,45.84
"565",659,"heptane+benzene","heptane","benzene",0.2,42.91
"566",660,"heptane+benzene","heptane","benzene",0.3,40.2
"567",661,"heptane+benzene","heptane","benzene",0.4,37.75
"568",662,"heptane+benzene","heptane","benzene",0.5,35.65
"569",663,"heptane+benzene","heptane","benzene",0.6,33.77
"570",664,"heptane+benzene","heptane","benzene",0.7,32.07
"571",665,"heptane+benzene","heptane","benzene",0.8,30.43
"572",666,"heptane+benzene","heptane","benzene",0.9,28.94
"573",667,"heptane+ethylbenzene","heptane","ethylbenzene",0.1,35.61
"574",668,"heptane+ethylbenzene","heptane","ethylbenzene",0.2,34.8
"575",669,"heptane+ethylbenzene","heptane","ethylbenzene",0.3,33.91
"576",670,"heptane+ethylbenzene","heptane","ethylbenzene",0.4,33.01
"577",671,"heptane+ethylbenzene","heptane","ethylbenzene",0.5,32.08
"578",672,"heptane+ethylbenzene","heptane","ethylbenzene",0.6,31.13
"579",673,"heptane+ethylbenzene","heptane","ethylbenzene",0.7,30.19
"580",674,"heptane+ethylbenzene","heptane","ethylbenzene",0.8,29.31
"581",675,"heptane+ethylbenzene","heptane","ethylbenzene",0.9,28.45
"582",681,"octane+benzene","octane","benzene",0.1,45.51
"583",682,"octane+benzene","octane","benzene",0.2,42.28
"584",683,"octane+benzene","octane","benzene",0.3,39.43
"585",684,"octane+benzene","octane","benzene",0.4,36.83
"586",685,"octane+benzene","octane","benzene",0.5,34.48
"587",686,"octane+benzene","octane","benzene",0.6,32.36
"588",687,"octane+benzene","octane","benzene",0.7,30.43
"589",688,"octane+benzene","octane","benzene",0.8,28.57
"590",689,"octane+benzene","octane","benzene",0.9,26.79
"591",693,"octane+ethylbenzene","octane","ethylbenzene",0.1,34.85
"592",694,"octane+ethylbenzene","octane","ethylbenzene",0.2,33.5
"593",695,"octane+ethylbenzene","octane","ethylbenzene",0.3,32.16
"594",696,"octane+ethylbenzene","octane","ethylbenzene",0.4,30.95
"595",697,"octane+ethylbenzene","octane","ethylbenzene",0.5,29.85
"596",698,"octane+ethylbenzene","octane","ethylbenzene",0.6,28.83
"597",699,"octane+ethylbenzene","octane","ethylbenzene",0.7,27.82
"598",700,"octane+ethylbenzene","octane","ethylbenzene",0.8,26.85
"599",701,"octane+ethylbenzene","octane","ethylbenzene",0.9,25.93
"600",702,"nonane+benzene","nonane","benzene",0.1,45.53
"601",703,"nonane+benzene","nonane","benzene",0.2,42.31
"602",704,"nonane+benzene","nonane","benzene",0.3,39.35
"603",705,"nonane+benzene","nonane","benzene",0.4,36.53
"604",706,"nonane+benzene","nonane","benzene",0.5,33.83
"605",707,"nonane+benzene","nonane","benzene",0.6,31.42
"606",708,"nonane+benzene","nonane","benzene",0.7,29.17
"607",709,"nonane+benzene","nonane","benzene",0.8,26.97
"608",710,"nonane+benzene","nonane","benzene",0.9,24.94
"609",719,"decane+benzene","decane","benzene",0.1,45.97
"610",720,"decane+benzene","decane","benzene",0.2,42.86
"611",721,"decane+benzene","decane","benzene",0.3,39.78
"612",722,"decane+benzene","decane","benzene",0.4,36.7
"613",723,"decane+benzene","decane","benzene",0.5,33.77
"614",724,"decane+benzene","decane","benzene",0.6,31
"615",725,"decane+benzene","decane","benzene",0.7,28.36
"616",726,"decane+benzene","decane","benzene",0.8,25.87
"617",727,"decane+benzene","decane","benzene",0.9,23.57
"618",728,"tridecane+benzene","tridecane","benzene",0.1,48.53
"619",729,"tridecane+benzene","tridecane","benzene",0.2,46.53
"620",730,"tridecane+benzene","tridecane","benzene",0.3,42.21
"621",731,"tridecane+benzene","tridecane","benzene",0.4,37.15
"622",732,"tridecane+benzene","tridecane","benzene",0.5,33.04
"623",733,"tridecane+benzene","tridecane","benzene",0.6,29.35
"624",734,"tridecane+benzene","tridecane","benzene",0.7,25.95
"625",735,"tridecane+benzene","tridecane","benzene",0.8,22.75
"626",736,"tridecane+benzene","tridecane","benzene",0.9,19.86
"627",737,"hexadecane+benzene","hexadecane","benzene",0.1,52.57
"628",738,"hexadecane+benzene","hexadecane","benzene",0.2,48.69
"629",739,"hexadecane+benzene","hexadecane","benzene",0.3,43.57
"630",740,"hexadecane+benzene","hexadecane","benzene",0.4,38.66
"631",741,"hexadecane+benzene","hexadecane","benzene",0.5,33.91
"632",742,"hexadecane+benzene","hexadecane","benzene",0.6,29.49
"633",743,"hexadecane+benzene","hexadecane","benzene",0.7,25.22
"634",744,"hexadecane+benzene","hexadecane","benzene",0.8,21.39
"635",745,"hexadecane+benzene","hexadecane","benzene",0.9,17.92
"636",746,"cyclopentane+cyclohexane","cyclopentane","cyclohexane",0.1,41.54
"637",747,"cyclopentane+cyclohexane","cyclopentane","cyclohexane",0.2,42.16
"638",748,"cyclopentane+cyclohexane","cyclopentane","cyclohexane",0.3,42.78
"639",749,"cyclopentane+cyclohexane","cyclopentane","cyclohexane",0.4,43.35
"640",750,"cyclopentane+cyclohexane","cyclopentane","cyclohexane",0.5,43.86
"641",751,"cyclopentane+cyclohexane","cyclopentane","cyclohexane",0.6,44.27
"642",752,"cyclopentane+cyclohexane","cyclopentane","cyclohexane",0.7,44.59
"643",753,"cyclopentane+cyclohexane","cyclopentane","cyclohexane",0.8,44.86
"644",754,"cyclopentane+cyclohexane","cyclopentane","cyclohexane",0.9,45.05
"645",759,"cyclopentane+methylcyclopentane","cyclopentane","methylcyclopentane",0.1,38.72
"646",760,"cyclopentane+methylcyclopentane","cyclopentane","methylcyclopentane",0.2,39.46
"647",761,"cyclopentane+methylcyclopentane","cyclopentane","methylcyclopentane",0.3,40.19
"648",762,"cyclopentane+methylcyclopentane","cyclopentane","methylcyclopentane",0.4,40.94
"649",763,"cyclopentane+methylcyclopentane","cyclopentane","methylcyclopentane",0.5,41.7
"650",764,"cyclopentane+methylcyclopentane","cyclopentane","methylcyclopentane",0.6,42.45
"651",765,"cyclopentane+methylcyclopentane","cyclopentane","methylcyclopentane",0.7,43.19
"652",766,"cyclopentane+methylcyclopentane","cyclopentane","methylcyclopentane",0.8,43.92
"653",767,"cyclopentane+methylcyclopentane","cyclopentane","methylcyclopentane",0.9,44.59
"654",768,"cyclopentane+methylcyclohexane","cyclopentane","methylcyclohexane",0.1,36.4
"655",769,"cyclopentane+methylcyclohexane","cyclopentane","methylcyclohexane",0.2,37.74
"656",770,"cyclopentane+methylcyclohexane","cyclopentane","methylcyclohexane",0.3,39.05
"657",771,"cyclopentane+methylcyclohexane","cyclopentane","methylcyclohexane",0.4,40.31
"658",772,"cyclopentane+methylcyclohexane","cyclopentane","methylcyclohexane",0.5,41.45
"659",773,"cyclopentane+methylcyclohexane","cyclopentane","methylcyclohexane",0.6,42.53
"660",774,"cyclopentane+methylcyclohexane","cyclopentane","methylcyclohexane",0.7,43.5
"661",775,"cyclopentane+methylcyclohexane","cyclopentane","methylcyclohexane",0.8,44.3
"662",776,"cyclopentane+methylcyclohexane","cyclopentane","methylcyclohexane",0.9,44.9
"663",794,"cyclohexane+methylcyclopentane","cyclohexane","methylcyclopentane",0.1,38.28
"664",795,"cyclohexane+methylcyclopentane","cyclohexane","methylcyclopentane",0.2,38.57
"665",796,"cyclohexane+methylcyclopentane","cyclohexane","methylcyclopentane",0.3,38.85
"666",797,"cyclohexane+methylcyclopentane","cyclohexane","methylcyclopentane",0.4,39.12
"667",798,"cyclohexane+methylcyclopentane","cyclohexane","methylcyclopentane",0.5,39.4
"668",799,"cyclohexane+methylcyclopentane","cyclohexane","methylcyclopentane",0.6,39.7
"669",800,"cyclohexane+methylcyclopentane","cyclohexane","methylcyclopentane",0.7,40
"670",801,"cyclohexane+methylcyclopentane","cyclohexane","methylcyclopentane",0.8,40.31
"671",802,"cyclohexane+methylcyclopentane","cyclohexane","methylcyclopentane",0.9,40.62
"672",803,"cyclohexane+methylcyclohexane","cyclohexane","methylcyclohexane",0.1,35.59
"673",804,"cyclohexane+methylcyclohexane","cyclohexane","methylcyclohexane",0.2,36.18
"674",805,"cyclohexane+methylcyclohexane","cyclohexane","methylcyclohexane",0.3,36.78
"675",806,"cyclohexane+methylcyclohexane","cyclohexane","methylcyclohexane",0.4,37.37
"676",807,"cyclohexane+methylcyclohexane","cyclohexane","methylcyclohexane",0.5,37.98
"677",808,"cyclohexane+methylcyclohexane","cyclohexane","methylcyclohexane",0.6,38.57
"678",809,"cyclohexane+methylcyclohexane","cyclohexane","methylcyclohexane",0.7,39.16
"679",810,"cyclohexane+methylcyclohexane","cyclohexane","methylcyclohexane",0.8,39.76
"680",811,"cyclohexane+methylcyclohexane","cyclohexane","methylcyclohexane",0.9,40.35
"681",833,"methylcyclopentane+methylcyclohexane","methylcyclopentane","methylcyclohexane",0.1,35.45
"682",834,"methylcyclopentane+methylcyclohexane","methylcyclopentane","methylcyclohexane",0.2,35.9
"683",835,"methylcyclopentane+methylcyclohexane","methylcyclopentane","methylcyclohexane",0.3,36.33
"684",836,"methylcyclopentane+methylcyclohexane","methylcyclopentane","methylcyclohexane",0.4,36.72
"685",837,"methylcyclopentane+methylcyclohexane","methylcyclopentane","methylcyclohexane",0.5,37.07
"686",838,"methylcyclopentane+methylcyclohexane","methylcyclopentane","methylcyclohexane",0.6,37.38
"687",839,"methylcyclopentane+methylcyclohexane","methylcyclopentane","methylcyclohexane",0.7,37.62
"688",840,"methylcyclopentane+methylcyclohexane","methylcyclopentane","methylcyclohexane",0.8,37.78
"689",841,"methylcyclopentane+methylcyclohexane","methylcyclopentane","methylcyclohexane",0.9,37.91
"690",842,"2,2-dimethylbutane+2,2-dimethylpentane","2,2-dimethylbutane","2,2-dimethylpentane",0.1,28.4
"691",843,"2,2-dimethylbutane+2,2-dimethylpentane","2,2-dimethylbutane","2,2-dimethylpentane",0.2,28.82
"692",844,"2,2-dimethylbutane+2,2-dimethylpentane","2,2-dimethylbutane","2,2-dimethylpentane",0.3,28.82
"693",845,"2,2-dimethylbutane+2,2-dimethylpentane","2,2-dimethylbutane","2,2-dimethylpentane",0.4,29.59
"694",846,"2,2-dimethylbutane+2,2-dimethylpentane","2,2-dimethylbutane","2,2-dimethylpentane",0.5,29.89
"695",847,"2,2-dimethylbutane+2,2-dimethylpentane","2,2-dimethylbutane","2,2-dimethylpentane",0.6,30.18
"696",848,"2,2-dimethylbutane+2,2-dimethylpentane","2,2-dimethylbutane","2,2-dimethylpentane",0.7,30.42
"697",849,"2,2-dimethylbutane+2,2-dimethylpentane","2,2-dimethylbutane","2,2-dimethylpentane",0.8,30.62
"698",850,"2,2-dimethylbutane+2,2-dimethylpentane","2,2-dimethylbutane","2,2-dimethylpentane",0.9,30.79
"699",851,"2,2-dimethylbutane+2,2-dimethylhexane","2,2-dimethylbutane","2,2-dimethylhexane",0.1,26.44
"700",852,"2,2-dimethylbutane+2,2-dimethylhexane","2,2-dimethylbutane","2,2-dimethylhexane",0.2,27.29
"701",853,"2,2-dimethylbutane+2,2-dimethylhexane","2,2-dimethylbutane","2,2-dimethylhexane",0.3,28.13
"702",854,"2,2-dimethylbutane+2,2-dimethylhexane","2,2-dimethylbutane","2,2-dimethylhexane",0.4,28.86
"703",855,"2,2-dimethylbutane+2,2-dimethylhexane","2,2-dimethylbutane","2,2-dimethylhexane",0.5,29.52
"704",856,"2,2-dimethylbutane+2,2-dimethylhexane","2,2-dimethylbutane","2,2-dimethylhexane",0.6,30.09
"705",857,"2,2-dimethylbutane+2,2-dimethylhexane","2,2-dimethylbutane","2,2-dimethylhexane",0.7,30.57
"706",858,"2,2-dimethylbutane+2,2-dimethylhexane","2,2-dimethylbutane","2,2-dimethylhexane",0.8,30.9
"707",859,"2,2-dimethylbutane+2,2-dimethylhexane","2,2-dimethylbutane","2,2-dimethylhexane",0.9,31.06
"708",860,"2,2-dimethylbutane+2,2-dimethylheptane","2,2-dimethylbutane","2,2-dimethylheptane",0.1,24.97
"709",861,"2,2-dimethylbutane+2,2-dimethylheptane","2,2-dimethylbutane","2,2-dimethylheptane",0.2,26.01
"710",862,"2,2-dimethylbutane+2,2-dimethylheptane","2,2-dimethylbutane","2,2-dimethylheptane",0.3,27.27
"711",863,"2,2-dimethylbutane+2,2-dimethylheptane","2,2-dimethylbutane","2,2-dimethylheptane",0.4,28.46
"712",864,"2,2-dimethylbutane+2,2-dimethylheptane","2,2-dimethylbutane","2,2-dimethylheptane",0.5,29.52
"713",865,"2,2-dimethylbutane+2,2-dimethylheptane","2,2-dimethylbutane","2,2-dimethylheptane",0.6,30.42
"714",866,"2,2-dimethylbutane+2,2-dimethylheptane","2,2-dimethylbutane","2,2-dimethylheptane",0.7,31.14
"715",867,"2,2-dimethylbutane+2,2-dimethylheptane","2,2-dimethylbutane","2,2-dimethylheptane",0.8,31.59
"716",868,"2,2-dimethylbutane+2,2-dimethylheptane","2,2-dimethylbutane","2,2-dimethylheptane",0.9,31.64
"717",869,"2,2-dimethylpentane+2,2-dimethylhexane","2,2-dimethylpentane","2,2-dimethylhexane",0.1,25.88
"718",870,"2,2-dimethylpentane+2,2-dimethylhexane","2,2-dimethylpentane","2,2-dimethylhexane",0.2,26.19
"719",871,"2,2-dimethylpentane+2,2-dimethylhexane","2,2-dimethylpentane","2,2-dimethylhexane",0.3,26.49
"720",872,"2,2-dimethylpentane+2,2-dimethylhexane","2,2-dimethylpentane","2,2-dimethylhexane",0.4,26.77
"721",873,"2,2-dimethylpentane+2,2-dimethylhexane","2,2-dimethylpentane","2,2-dimethylhexane",0.5,27.04
"722",874,"2,2-dimethylpentane+2,2-dimethylhexane","2,2-dimethylpentane","2,2-dimethylhexane",0.6,27.3
"723",875,"2,2-dimethylpentane+2,2-dimethylhexane","2,2-dimethylpentane","2,2-dimethylhexane",0.7,27.54
"724",876,"2,2-dimethylpentane+2,2-dimethylhexane","2,2-dimethylpentane","2,2-dimethylhexane",0.8,27.77
"725",877,"2,2-dimethylpentane+2,2-dimethylhexane","2,2-dimethylpentane","2,2-dimethylhexane",0.9,27.92
"726",878,"2,2-dimethylpentane+2,2-dimethylheptane","2,2-dimethylpentane","2,2-dimethylheptane",0.1,24.13
"727",879,"2,2-dimethylpentane+2,2-dimethylheptane","2,2-dimethylpentane","2,2-dimethylheptane",0.2,24.76
"728",880,"2,2-dimethylpentane+2,2-dimethylheptane","2,2-dimethylpentane","2,2-dimethylheptane",0.3,25.38
"729",881,"2,2-dimethylpentane+2,2-dimethylheptane","2,2-dimethylpentane","2,2-dimethylheptane",0.4,25.99
"730",882,"2,2-dimethylpentane+2,2-dimethylheptane","2,2-dimethylpentane","2,2-dimethylheptane",0.5,26.57
"731",883,"2,2-dimethylpentane+2,2-dimethylheptane","2,2-dimethylpentane","2,2-dimethylheptane",0.6,27.06
"732",884,"2,2-dimethylpentane+2,2-dimethylheptane","2,2-dimethylpentane","2,2-dimethylheptane",0.7,27.5
"733",885,"2,2-dimethylpentane+2,2-dimethylheptane","2,2-dimethylpentane","2,2-dimethylheptane",0.8,27.79
"734",886,"2,2-dimethylpentane+2,2-dimethylheptane","2,2-dimethylpentane","2,2-dimethylheptane",0.9,27.95
"735",887,"2,2-dimethylhexane+2,2-dimethylheptane","2,2-dimethylhexane","2,2-dimethylheptane",0.1,23.74
"736",888,"2,2-dimethylhexane+2,2-dimethylheptane","2,2-dimethylhexane","2,2-dimethylheptane",0.2,23.99
"737",889,"2,2-dimethylhexane+2,2-dimethylheptane","2,2-dimethylhexane","2,2-dimethylheptane",0.3,24.24
"738",890,"2,2-dimethylhexane+2,2-dimethylheptane","2,2-dimethylhexane","2,2-dimethylheptane",0.4,24.48
"739",891,"2,2-dimethylhexane+2,2-dimethylheptane","2,2-dimethylhexane","2,2-dimethylheptane",0.5,24.71
"740",892,"2,2-dimethylhexane+2,2-dimethylheptane","2,2-dimethylhexane","2,2-dimethylheptane",0.6,24.95
"741",893,"2,2-dimethylhexane+2,2-dimethylheptane","2,2-dimethylhexane","2,2-dimethylheptane",0.7,25.17
"742",894,"2,2-dimethylhexane+2,2-dimethylheptane","2,2-dimethylhexane","2,2-dimethylheptane",0.8,25.36
"743",895,"2,2-dimethylhexane+2,2-dimethylheptane","2,2-dimethylhexane","2,2-dimethylheptane",0.9,25.51
"744",896,"2-methylpentane+2-methylhexane","2-methylpentane","2-methylhexane",0.1,27.9
"745",897,"2-methylpentane+2-methylhexane","2-methylpentane","2-methylhexane",0.2,28.32
"746",898,"2-methylpentane+2-methylhexane","2-methylpentane","2-methylhexane",0.3,28.71
"747",899,"2-methylpentane+2-methylhexane","2-methylpentane","2-methylhexane",0.4,29.05
"748",900,"2-methylpentane+2-methylhexane","2-methylpentane","2-methylhexane",0.5,29.38
"749",901,"2-methylpentane+2-methylhexane","2-methylpentane","2-methylhexane",0.6,29.67
"750",902,"2-methylpentane+2-methylhexane","2-methylpentane","2-methylhexane",0.7,29.94
"751",903,"2-methylpentane+2-methylhexane","2-methylpentane","2-methylhexane",0.8,30.17
"752",904,"2-methylpentane+2-methylhexane","2-methylpentane","2-methylhexane",0.9,30.38
"753",905,"2-methylpentane+2-methylheptane","2-methylpentane","2-methylheptane",0.1,26.01
"754",906,"2-methylpentane+2-methylheptane","2-methylpentane","2-methylheptane",0.2,27.07
"755",907,"2-methylpentane+2-methylheptane","2-methylpentane","2-methylheptane",0.3,27.99
"756",908,"2-methylpentane+2-methylheptane","2-methylpentane","2-methylheptane",0.4,28.81
"757",909,"2-methylpentane+2-methylheptane","2-methylpentane","2-methylheptane",0.5,29.52
"758",910,"2-methylpentane+2-methylheptane","2-methylpentane","2-methylheptane",0.6,30.07
"759",911,"2-methylpentane+2-methylheptane","2-methylpentane","2-methylheptane",0.7,30.48
"760",912,"2-methylpentane+2-methylheptane","2-methylpentane","2-methylheptane",0.8,30.73
"761",913,"2-methylpentane+2-methylheptane","2-methylpentane","2-methylheptane",0.9,30.68
"762",914,"2-methylpentane+2-methyloctane","2-methylpentane","2-methyloctane",0.1,24.35
"763",915,"2-methylpentane+2-methyloctane","2-methylpentane","2-methyloctane",0.2,25.63
"764",916,"2-methylpentane+2-methyloctane","2-methylpentane","2-methyloctane",0.3,26.84
"765",917,"2-methylpentane+2-methyloctane","2-methylpentane","2-methyloctane",0.4,27.99
"766",918,"2-methylpentane+2-methyloctane","2-methylpentane","2-methyloctane",0.5,28.99
"767",919,"2-methylpentane+2-methyloctane","2-methylpentane","2-methyloctane",0.6,29.9
"768",920,"2-methylpentane+2-methyloctane","2-methylpentane","2-methyloctane",0.7,30.61
"769",921,"2-methylpentane+2-methyloctane","2-methylpentane","2-methyloctane",0.8,30.91
"770",922,"2-methylpentane+2-methyloctane","2-methylpentane","2-methyloctane",0.9,30.84
"771",923,"2-methylhexane+2-methylheptane","2-methylhexane","2-methylheptane",0.1,25.39
"772",924,"2-methylhexane+2-methylheptane","2-methylhexane","2-methylheptane",0.2,25.76
"773",925,"2-methylhexane+2-methylheptane","2-methylhexane","2-methylheptane",0.3,26.08
"774",926,"2-methylhexane+2-methylheptane","2-methylhexane","2-methylheptane",0.4,26.37
"775",927,"2-methylhexane+2-methylheptane","2-methylhexane","2-methylheptane",0.5,26.64
"776",928,"2-methylhexane+2-methylheptane","2-methylhexane","2-methylheptane",0.6,26.89
"777",929,"2-methylhexane+2-methylheptane","2-methylhexane","2-methylheptane",0.7,27.12
"778",930,"2-methylhexane+2-methylheptane","2-methylhexane","2-methylheptane",0.8,27.31
"779",931,"2-methylhexane+2-methylheptane","2-methylhexane","2-methylheptane",0.9,27.46
"780",932,"2-methylhexane+2-methyloctane","2-methylhexane","2-methyloctane",0.1,23.81
"781",933,"2-methylhexane+2-methyloctane","2-methylhexane","2-methyloctane",0.2,24.44
"782",934,"2-methylhexane+2-methyloctane","2-methylhexane","2-methyloctane",0.3,25.06
"783",935,"2-methylhexane+2-methyloctane","2-methylhexane","2-methyloctane",0.4,25.64
"784",936,"2-methylhexane+2-methyloctane","2-methylhexane","2-methyloctane",0.5,26.14
"785",937,"2-methylhexane+2-methyloctane","2-methylhexane","2-methyloctane",0.6,26.6
"786",938,"2-methylhexane+2-methyloctane","2-methylhexane","2-methyloctane",0.7,27
"787",939,"2-methylhexane+2-methyloctane","2-methylhexane","2-methyloctane",0.8,27.32
"788",940,"2-methylhexane+2-methyloctane","2-methylhexane","2-methyloctane",0.9,27.49
"789",941,"2-methylheptane+2-methyloctane","2-methylheptane","2-methyloctane",0.1,23.43
"790",942,"2-methylheptane+2-methyloctane","2-methylheptane","2-methyloctane",0.2,23.75
"791",943,"2-methylheptane+2-methyloctane","2-methylheptane","2-methyloctane",0.3,24.04
"792",944,"2-methylheptane+2-methyloctane","2-methylheptane","2-methyloctane",0.4,24.3
"793",945,"2-methylheptane+2-methyloctane","2-methylheptane","2-methyloctane",0.5,24.55
"794",946,"2-methylheptane+2-methyloctane","2-methylheptane","2-methyloctane",0.6,24.76
"795",947,"2-methylheptane+2-methyloctane","2-methylheptane","2-methyloctane",0.7,24.94
"796",948,"2-methylheptane+2-methyloctane","2-methylheptane","2-methyloctane",0.8,25.06
"797",949,"2-methylheptane+2-methyloctane","2-methylheptane","2-methyloctane",0.9,25.1
"798",950,"ethene+prop-1-ene","ethene","prop-1-ene",0.117,48.3
"799",951,"ethene+prop-1-ene","ethene","prop-1-ene",0.256,50.4
"800",952,"ethene+prop-1-ene","ethene","prop-1-ene",0.384,52.3
"801",953,"ethene+prop-1-ene","ethene","prop-1-ene",0.494,53.6
"802",954,"ethene+prop-1-ene","ethene","prop-1-ene",0.625,54.7
"803",955,"ethene+prop-1-ene","ethene","prop-1-ene",0.759,54.4
"804",956,"ethene+prop-1-ene","ethene","prop-1-ene",0.914,52.7
"805",957,"ethene+acetylene","ethene","acetylene",0.54,56.7
"806",958,"ethene+acetylene","ethene","acetylene",0.7,56.6
"807",959,"ethene+acetylene","ethene","acetylene",0.82,52.3
"808",960,"prop-1-ene+but-1-ene","prop-1-ene","but-1-ene",0.217,43.5
"809",961,"prop-1-ene+but-1-ene","prop-1-ene","but-1-ene",0.551,46.6
"810",962,"prop-1-ene+but-1-ene","prop-1-ene","but-1-ene",0.824,47
"811",963,"prop-1-ene+acetylene","prop-1-ene","acetylene",0.114,62.7
"812",964,"prop-1-ene+acetylene","prop-1-ene","acetylene",0.307,63.4
"813",965,"prop-1-ene+acetylene","prop-1-ene","acetylene",0.506,63.2
"814",966,"prop-1-ene+acetylene","prop-1-ene","acetylene",0.788,59
"815",967,"prop-1-ene+acetylene","prop-1-ene","acetylene",0.885,54.4
"816",972,"benzene+cyclopentane","benzene","cyclopentane",0.9,49.03
"817",973,"benzene+cyclopentane","benzene","cyclopentane",0.8,48.75
"818",974,"benzene+cyclopentane","benzene","cyclopentane",0.7,48.36
"819",975,"benzene+cyclopentane","benzene","cyclopentane",0.6,47.97
"820",976,"benzene+cyclopentane","benzene","cyclopentane",0.5,47.55
"821",977,"benzene+cyclopentane","benzene","cyclopentane",0.4,47.1
"822",978,"benzene+cyclopentane","benzene","cyclopentane",0.3,46.64
"823",979,"benzene+cyclopentane","benzene","cyclopentane",0.2,46.14
"824",980,"benzene+cyclopentane","benzene","cyclopentane",0.1,45.66
"825",1002,"benzene+cyclohexane","benzene","cyclohexane",0.1,41.45
"826",1003,"benzene+cyclohexane","benzene","cyclohexane",0.2,42.09
"827",1004,"benzene+cyclohexane","benzene","cyclohexane",0.3,42.82
"828",1005,"benzene+cyclohexane","benzene","cyclohexane",0.4,43.55
"829",1006,"benzene+cyclohexane","benzene","cyclohexane",0.5,44.32
"830",1007,"benzene+cyclohexane","benzene","cyclohexane",0.6,45.12
"831",1008,"benzene+cyclohexane","benzene","cyclohexane",0.7,45.97
"832",1009,"benzene+cyclohexane","benzene","cyclohexane",0.8,46.93
"833",1010,"benzene+cyclohexane","benzene","cyclohexane",0.9,47.97
"834",1011,"benzene+methylcyclopentane","benzene","methylcyclopentane",0.1,38.79
"835",1012,"benzene+methylcyclopentane","benzene","methylcyclopentane",0.2,39.69
"836",1013,"benzene+methylcyclopentane","benzene","methylcyclopentane",0.3,40.63
"837",1014,"benzene+methylcyclopentane","benzene","methylcyclopentane",0.4,41.59
"838",1015,"benzene+methylcyclopentane","benzene","methylcyclopentane",0.5,42.62
"839",1016,"benzene+methylcyclopentane","benzene","methylcyclopentane",0.6,43.71
"840",1017,"benzene+methylcyclopentane","benzene","methylcyclopentane",0.7,44.91
"841",1018,"benzene+methylcyclopentane","benzene","methylcyclopentane",0.8,46.24
"842",1019,"benzene+methylcyclopentane","benzene","methylcyclopentane",0.9,47.65
"843",1020,"benzene+methylcyclohexane","benzene","methylcyclohexane",0.1,39.16
"844",1021,"benzene+methylcyclohexane","benzene","methylcyclohexane",0.2,37.34
"845",1022,"benzene+methylcyclohexane","benzene","methylcyclohexane",0.3,38.56
"846",1023,"benzene+methylcyclohexane","benzene","methylcyclohexane",0.4,39.84
"847",1024,"benzene+methylcyclohexane","benzene","methylcyclohexane",0.5,41.18
"848",1025,"benzene+methylcyclohexane","benzene","methylcyclohexane",0.6,42.57
"849",1026,"benzene+methylcyclohexane","benzene","methylcyclohexane",0.7,44.04
"850",1027,"benzene+methylcyclohexane","benzene","methylcyclohexane",0.8,45.62
"851",1028,"benzene+methylcyclohexane","benzene","methylcyclohexane",0.9,47.28
"852",1029,"benzene+ethene","benzene","ethene",0.06,64.3
"853",1030,"benzene+ethene","benzene","ethene",0.24,90.5
"854",1031,"benzene+ethene","benzene","ethene",0.348,98
"855",1032,"benzene+ethene","benzene","ethene",0.534,96.1
"856",1033,"benzene+ethene","benzene","ethene",0.756,69.7
"857",1053,"benzene+toluene","benzene","toluene",0.1,42
"858",1054,"benzene+toluene","benzene","toluene",0.2,42.83
"859",1055,"benzene+toluene","benzene","toluene",0.3,43.64
"860",1056,"benzene+toluene","benzene","toluene",0.4,44.45
"861",1057,"benzene+toluene","benzene","toluene",0.5,45.24
"862",1058,"benzene+toluene","benzene","toluene",0.6,46.02
"863",1059,"benzene+toluene","benzene","toluene",0.7,46.81
"864",1060,"benzene+toluene","benzene","toluene",0.8,47.59
"865",1061,"benzene+toluene","benzene","toluene",0.9,48.36
"866",1062,"benzene+ethylbenzene","benzene","ethylbenzene",0.1,37.67
"867",1063,"benzene+ethylbenzene","benzene","ethylbenzene",0.2,39.2
"868",1064,"benzene+ethylbenzene","benzene","ethylbenzene",0.3,40.65
"869",1065,"benzene+ethylbenzene","benzene","ethylbenzene",0.4,42.08
"870",1066,"benzene+ethylbenzene","benzene","ethylbenzene",0.5,43.5
"871",1067,"benzene+ethylbenzene","benzene","ethylbenzene",0.6,44.86
"872",1068,"benzene+ethylbenzene","benzene","ethylbenzene",0.7,46.1
"873",1069,"benzene+ethylbenzene","benzene","ethylbenzene",0.8,47.25
"874",1070,"benzene+ethylbenzene","benzene","ethylbenzene",0.9,48.23
"875",1071,"benzene+1,2-xylene","benzene","1,2-xylene",0.1,38.81
"876",1072,"benzene+1,2-xylene","benzene","1,2-xylene",0.2,40.37
"877",1073,"benzene+1,2-xylene","benzene","1,2-xylene",0.3,41.81
"878",1074,"benzene+1,2-xylene","benzene","1,2-xylene",0.4,43.2
"879",1075,"benzene+1,2-xylene","benzene","1,2-xylene",0.5,44.54
"880",1076,"benzene+1,2-xylene","benzene","1,2-xylene",0.6,45.82
"881",1077,"benzene+1,2-xylene","benzene","1,2-xylene",0.7,46.96
"882",1078,"benzene+1,2-xylene","benzene","1,2-xylene",0.8,47.94
"883",1079,"benzene+1,2-xylene","benzene","1,2-xylene",0.9,48.65
"884",1080,"benzene+naphthalene","benzene","naphthalene",0.318,346
"885",1081,"benzene+naphthalene","benzene","naphthalene",0.527,307
"886",1082,"benzene+naphthalene","benzene","naphthalene",0.542,302
"887",1083,"benzene+naphthalene","benzene","naphthalene",0.758,272
"888",1084,"benzene+naphthalene","benzene","naphthalene",0.826,282
"889",1085,"benzene+naphthalene","benzene","naphthalene",0.857,271
"890",1086,"benzene+naphthalene","benzene","naphthalene",0.321,345
"891",1087,"benzene+naphthalene","benzene","naphthalene",0.659,298
"892",1088,"benzene+naphthalene","benzene","naphthalene",0.68,291
"893",1089,"benzene+naphthalene","benzene","naphthalene",0.896,257
"894",1090,"benzene+naphthalene","benzene","naphthalene",0.901,257
"895",1096,"toluene+ethylbenzene","toluene","ethylbenzene",0.1,36.66
"896",1097,"toluene+ethylbenzene","toluene","ethylbenzene",0.2,37.19
"897",1098,"toluene+ethylbenzene","toluene","ethylbenzene",0.3,37.75
"898",1099,"toluene+ethylbenzene","toluene","ethylbenzene",0.4,38.32
"899",1100,"toluene+ethylbenzene","toluene","ethylbenzene",0.5,38.86
"900",1101,"toluene+ethylbenzene","toluene","ethylbenzene",0.6,39.37
"901",1102,"toluene+ethylbenzene","toluene","ethylbenzene",0.7,39.83
"902",1103,"toluene+ethylbenzene","toluene","ethylbenzene",0.8,40.26
"903",1104,"toluene+ethylbenzene","toluene","ethylbenzene",0.9,40.7
"904",1105,"toluene+1,2-xylene","toluene","1,2-xylene",0.1,37.72
"905",1106,"toluene+1,2-xylene","toluene","1,2-xylene",0.2,38.26
"906",1107,"toluene+1,2-xylene","toluene","1,2-xylene",0.3,38.75
"907",1108,"toluene+1,2-xylene","toluene","1,2-xylene",0.4,39.2
"908",1109,"toluene+1,2-xylene","toluene","1,2-xylene",0.5,39.63
"909",1110,"toluene+1,2-xylene","toluene","1,2-xylene",0.6,40.02
"910",1111,"toluene+1,2-xylene","toluene","1,2-xylene",0.7,40.39
"911",1112,"toluene+1,2-xylene","toluene","1,2-xylene",0.8,40.72
"912",1113,"toluene+1,2-xylene","toluene","1,2-xylene",0.9,41.02
"913",1114,"1,2-xylene+ethylbenzene","1,2-xylene","ethylbenzene",0.1,36.26
"914",1115,"1,2-xylene+ethylbenzene","1,2-xylene","ethylbenzene",0.2,36.37
"915",1116,"1,2-xylene+ethylbenzene","1,2-xylene","ethylbenzene",0.3,36.47
"916",1117,"1,2-xylene+ethylbenzene","1,2-xylene","ethylbenzene",0.4,36.58
"917",1118,"1,2-xylene+ethylbenzene","1,2-xylene","ethylbenzene",0.5,36.68
"918",1119,"1,2-xylene+ethylbenzene","1,2-xylene","ethylbenzene",0.6,36.78
"919",1120,"1,2-xylene+ethylbenzene","1,2-xylene","ethylbenzene",0.7,36.88
"920",1121,"1,2-xylene+ethylbenzene","1,2-xylene","ethylbenzene",0.8,36.97
"921",1122,"1,2-xylene+ethylbenzene","1,2-xylene","ethylbenzene",0.9,37.06
"922",1123,"naphthalene+cyclohexane","naphthalene","cyclohexane",0.215,303
"923",1124,"naphthalene+cyclohexane","naphthalene","cyclohexane",0.245,323
"924",1125,"naphthalene+cyclohexane","naphthalene","cyclohexane",0.308,316
"925",1126,"naphthalene+cyclohexane","naphthalene","cyclohexane",0.414,349
"926",1127,"naphthalene+cyclohexane","naphthalene","cyclohexane",0.54,345
"927",1128,"naphthalene+ethene","naphthalene","ethene",0.17,176.3
"928",1129,"naphthalene+ethene","naphthalene","ethene",0.17,183.3
"929",1130,"naphthalene+ethene","naphthalene","ethene",0.17,192.8
"930",1131,"naphthalene+ethene","naphthalene","ethene",0.17,202
"931",1132,"naphthalene+ethene","naphthalene","ethene",0.1851,236.1
"932",1133,"naphthalene+ethene","naphthalene","ethene",0.22,247.2
"933",1134,"naphthalene+ethene","naphthalene","ethene",0.2886,230
"934",1135,"benzene+phenanthrene","benzene","phenanthrene",0.709,289
"935",1136,"benzene+phenanthrene","benzene","phenanthrene",0.734,284
"936",1137,"benzene+phenanthrene","benzene","phenanthrene",0.849,256
"937",1138,"benzene+phenanthrene","benzene","phenanthrene",0.893,269
"938",1139,"benzene+phenanthrene","benzene","phenanthrene",0.894,247
"939",1140,"benzene+anthracene","benzene","anthracene",0.897,254
"940",1141,"benzene+anthracene","benzene","anthracene",0.913,256
"941",1142,"benzene+anthracene","benzene","anthracene",0.936,260
"942",1143,"benzene+anthracene","benzene","anthracene",0.952,245
"943",1144,"propane+octafluoropropane","propane","octafluoropropane",0.1162,27.72
"944",1145,"propane+octafluoropropane","propane","octafluoropropane",0.3233,29.33
"945",1146,"propane+octafluoropropane","propane","octafluoropropane",0.4263,30.25
"946",1147,"propane+octafluoropropane","propane","octafluoropropane",0.5235,31.33
"947",1148,"propane+octafluoropropane","propane","octafluoropropane",0.706,34.54
"948",1149,"propane+octafluoropropane","propane","octafluoropropane",0.9074,39.94
"949",1150,"propane+tetradecafluorohexane","propane","tetradecafluorohexane",0.1225,22.07
"950",1151,"propane+tetradecafluorohexane","propane","tetradecafluorohexane",0.3287,28.26
"951",1152,"propane+tetradecafluorohexane","propane","tetradecafluorohexane",0.5781,35.63
"952",1153,"propane+tetradecafluorohexane","propane","tetradecafluorohexane",0.7345,37.87
"953",1154,"propane+tetradecafluorohexane","propane","tetradecafluorohexane",0.8695,38.84
"954",1155,"propane+tetradecafluorohexane","propane","tetradecafluorohexane",0.9088,39.46
"955",1156,"propane+hexafluorobenzene","propane","hexafluorobenzene",0.1008,36.78
"956",1157,"propane+hexafluorobenzene","propane","hexafluorobenzene",0.3027,43.66
"957",1158,"propane+hexafluorobenzene","propane","hexafluorobenzene",0.5319,50.72
"958",1159,"propane+hexafluorobenzene","propane","hexafluorobenzene",0.7314,51.54
"959",1160,"propane+hexafluorobenzene","propane","hexafluorobenzene",0.9083,46.43
"960",1161,"propane+hexafluoropropan-2-one","propane","hexafluoropropan-2-one",0.124,29.69
"961",1162,"propane+hexafluoropropan-2-one","propane","hexafluoropropan-2-one",0.3194,31.21
"962",1163,"propane+hexafluoropropan-2-one","propane","hexafluoropropan-2-one",0.4437,32.14
"963",1164,"propane+hexafluoropropan-2-one","propane","hexafluoropropan-2-one",0.7047,35.75
"964",1165,"propane+hexafluoropropan-2-one","propane","hexafluoropropan-2-one",0.8573,39.1
"965",1166,"propane+trifluoroacetonitrile","propane","trifluoroacetonitrile",0.1182,36.14
"966",1167,"propane+trifluoroacetonitrile","propane","trifluoroacetonitrile",0.334,36.3
"967",1168,"propane+trifluoroacetonitrile","propane","trifluoroacetonitrile",0.5504,40.69
"968",1169,"propane+trifluoroacetonitrile","propane","trifluoroacetonitrile",0.713,42.51
"969",1170,"propane+trifluoroacetonitrile","propane","trifluoroacetonitrile",0.8435,43.14
"970",1171,"hexane+tetradecafluorohexane","hexane","tetradecafluorohexane",0.1012,18.88
"971",1172,"hexane+tetradecafluorohexane","hexane","tetradecafluorohexane",0.3352,20.24
"972",1173,"hexane+tetradecafluorohexane","hexane","tetradecafluorohexane",0.5018,21.97
"973",1174,"hexane+tetradecafluorohexane","hexane","tetradecafluorohexane",0.6242,23.98
"974",1175,"hexane+tetradecafluorohexane","hexane","tetradecafluorohexane",0.902,29.16
"975",1176,"(trifluoromethyl)cyclohexane+hexane","(trifluoromethyl)cyclohexane","hexane",0.8172,21.56
"976",1177,"(trifluoromethyl)cyclohexane+hexane","(trifluoromethyl)cyclohexane","hexane",0.6604,22.18
"977",1178,"(trifluoromethyl)cyclohexane+hexane","(trifluoromethyl)cyclohexane","hexane",0.483,23.31
"978",1179,"(trifluoromethyl)cyclohexane+hexane","(trifluoromethyl)cyclohexane","hexane",0.3342,24.81
"979",1180,"(trifluoromethyl)cyclohexane+hexane","(trifluoromethyl)cyclohexane","hexane",0.1732,27.55
"980",1181,"(trifluoromethyl)cyclohexane+2-methylpentane","(trifluoromethyl)cyclohexane","2-methylpentane",0.798,21.7
"981",1182,"(trifluoromethyl)cyclohexane+2-methylpentane","(trifluoromethyl)cyclohexane","2-methylpentane",0.6087,22.72
"982",1183,"(trifluoromethyl)cyclohexane+2-methylpentane","(trifluoromethyl)cyclohexane","2-methylpentane",0.4104,24.26
"983",1184,"(trifluoromethyl)cyclohexane+2-methylpentane","(trifluoromethyl)cyclohexane","2-methylpentane",0.3077,25.25
"984",1185,"(trifluoromethyl)cyclohexane+2-methylpentane","(trifluoromethyl)cyclohexane","2-methylpentane",0.2059,26.52
"985",1186,"(trifluoromethyl)cyclohexane+2-methylpentane","(trifluoromethyl)cyclohexane","2-methylpentane",0.0913,28.64
"986",1187,"(trifluoromethyl)cyclohexane+3-methylpentane","(trifluoromethyl)cyclohexane","3-methylpentane",0.7951,21.78
"987",1188,"(trifluoromethyl)cyclohexane+3-methylpentane","(trifluoromethyl)cyclohexane","3-methylpentane",0.5869,23.16
"988",1189,"(trifluoromethyl)cyclohexane+3-methylpentane","(trifluoromethyl)cyclohexane","3-methylpentane",0.4045,24.76
"989",1190,"(trifluoromethyl)cyclohexane+3-methylpentane","(trifluoromethyl)cyclohexane","3-methylpentane",0.2952,25.93
"990",1191,"(trifluoromethyl)cyclohexane+3-methylpentane","(trifluoromethyl)cyclohexane","3-methylpentane",0.2062,27.49
"991",1192,"(trifluoromethyl)cyclohexane+3-methylpentane","(trifluoromethyl)cyclohexane","3-methylpentane",0.0855,29.64
"992",1193,"(trifluoromethyl)cyclohexane+2,3-dimethylbutane","(trifluoromethyl)cyclohexane","2,3-dimethylbutane",0.8173,21.82
"993",1194,"(trifluoromethyl)cyclohexane+2,3-dimethylbutane","(trifluoromethyl)cyclohexane","2,3-dimethylbutane",0.593,23.21
"994",1195,"(trifluoromethyl)cyclohexane+2,3-dimethylbutane","(trifluoromethyl)cyclohexane","2,3-dimethylbutane",0.4417,24.32
"995",1196,"(trifluoromethyl)cyclohexane+2,3-dimethylbutane","(trifluoromethyl)cyclohexane","2,3-dimethylbutane",0.2875,26.1
"996",1197,"(trifluoromethyl)cyclohexane+2,3-dimethylbutane","(trifluoromethyl)cyclohexane","2,3-dimethylbutane",0.203,27.65
"997",1198,"(trifluoromethyl)cyclohexane+2,3-dimethylbutane","(trifluoromethyl)cyclohexane","2,3-dimethylbutane",0.1078,29.61
"998",1199,"(trifluoromethyl)cyclohexane+2,2-dimethylbutane","(trifluoromethyl)cyclohexane","2,2-dimethylbutane",0.833,21.69
"999",1200,"(trifluoromethyl)cyclohexane+2,2-dimethylbutane","(trifluoromethyl)cyclohexane","2,2-dimethylbutane",0.6353,23
"1000",1201,"(trifluoromethyl)cyclohexane+2,2-dimethylbutane","(trifluoromethyl)cyclohexane","2,2-dimethylbutane",0.4025,24.71
"1001",1202,"(trifluoromethyl)cyclohexane+2,2-dimethylbutane","(trifluoromethyl)cyclohexane","2,2-dimethylbutane",0.2943,25.85
"1002",1203,"(trifluoromethyl)cyclohexane+2,2-dimethylbutane","(trifluoromethyl)cyclohexane","2,2-dimethylbutane",0.2056,27.17
"1003",1204,"(trifluoromethyl)cyclohexane+2,2-dimethylbutane","(trifluoromethyl)cyclohexane","2,2-dimethylbutane",0.0848,29.3
"1004",1282,"hexafluorobenzene+hexane","hexafluorobenzene","hexane",0.9187,32.5
"1005",1283,"hexafluorobenzene+hexane","hexafluorobenzene","hexane",0.7039,31.49
"1006",1284,"hexafluorobenzene+hexane","hexafluorobenzene","hexane",0.4929,30.89
"1007",1285,"hexafluorobenzene+hexane","hexafluorobenzene","hexane",0.3459,30.59
"1008",1286,"hexafluorobenzene+hexane","hexafluorobenzene","hexane",0.1125,30.5
"1009",1390,"hexadecafluoroheptane+ethane","hexadecafluoroheptane","ethane",0.109,61.69
"1010",1391,"hexadecafluoroheptane+ethane","hexadecafluoroheptane","ethane",0.286,65.91
"1011",1392,"hexadecafluoroheptane+ethane","hexadecafluoroheptane","ethane",0.479,55.46
"1012",1393,"hexadecafluoroheptane+ethane","hexadecafluoroheptane","ethane",0.739,31.78
"1013",1394,"hexadecafluoroheptane+ethane","hexadecafluoroheptane","ethane",0.897,22.03
"1014",1395,"hexadecafluoroheptane+propane","hexadecafluoroheptane","propane",0.092,21.98
"1015",1396,"hexadecafluoroheptane+propane","hexadecafluoroheptane","propane",0.191,41.23
"1016",1397,"hexadecafluoroheptane+propane","hexadecafluoroheptane","propane",0.28,41.03
"1017",1398,"hexadecafluoroheptane+propane","hexadecafluoroheptane","propane",0.485,36.55
"1018",1399,"hexadecafluoroheptane+propane","hexadecafluoroheptane","propane",0.688,30.25
"1019",1400,"hexadecafluoroheptane+propane","hexadecafluoroheptane","propane",0.906,21.98
"1020",1401,"hexadecafluoroheptane+butane","hexadecafluoroheptane","butane",0.084,33.56
"1021",1402,"hexadecafluoroheptane+butane","hexadecafluoroheptane","butane",0.323,29.87
"1022",1403,"hexadecafluoroheptane+butane","hexadecafluoroheptane","butane",0.538,26.74
"1023",1404,"hexadecafluoroheptane+butane","hexadecafluoroheptane","butane",0.691,23.86
"1024",1405,"hexadecafluoroheptane+butane","hexadecafluoroheptane","butane",0.87,19.74
"1025",1406,"hexadecafluoroheptane+pentane","hexadecafluoroheptane","pentane",0.087,30.35
"1026",1407,"hexadecafluoroheptane+pentane","hexadecafluoroheptane","pentane",0.223,28.08
"1027",1408,"hexadecafluoroheptane+pentane","hexadecafluoroheptane","pentane",0.39,25.11
"1028",1409,"hexadecafluoroheptane+pentane","hexadecafluoroheptane","pentane",0.465,24.54
"1029",1410,"hexadecafluoroheptane+pentane","hexadecafluoroheptane","pentane",0.709,21.61
"1030",1411,"hexadecafluoroheptane+hexane","hexadecafluoroheptane","hexane",0.096,27.87
"1031",1412,"hexadecafluoroheptane+hexane","hexadecafluoroheptane","hexane",0.166,26.93
"1032",1413,"hexadecafluoroheptane+hexane","hexadecafluoroheptane","hexane",0.338,23.29
"1033",1414,"hexadecafluoroheptane+hexane","hexadecafluoroheptane","hexane",0.474,21.83
"1034",1415,"hexadecafluoroheptane+hexane","hexadecafluoroheptane","hexane",0.621,19.71
"1035",1416,"hexadecafluoroheptane+hexane","hexadecafluoroheptane","hexane",0.706,19.59
"1036",1417,"hexadecafluoroheptane+hexane","hexadecafluoroheptane","hexane",0.87,18.99
"1037",1418,"hexadecafluoroheptane+heptane","hexadecafluoroheptane","heptane",0.096,26.3
"1038",1419,"hexadecafluoroheptane+heptane","hexadecafluoroheptane","heptane",0.53,19.69
"1039",1420,"hexadecafluoroheptane+heptane","hexadecafluoroheptane","heptane",0.638,18.77
"1040",1421,"hexadecafluoroheptane+heptane","hexadecafluoroheptane","heptane",0.768,18.31
"1041",1422,"hexadecafluoroheptane+heptane","hexadecafluoroheptane","heptane",0.822,18.06
"1042",1423,"hexadecafluoroheptane+heptane","hexadecafluoroheptane","heptane",0.857,17.75
"1043",1424,"hexadecafluoroheptane+heptane","hexadecafluoroheptane","heptane",0.9,17.46
"1044",1425,"hexadecafluoroheptane+octane","hexadecafluoroheptane","octane",0.099,24.98
"1045",1426,"hexadecafluoroheptane+octane","hexadecafluoroheptane","octane",0.424,20.86
"1046",1427,"hexadecafluoroheptane+octane","hexadecafluoroheptane","octane",0.47,20.75
"1047",1428,"hexadecafluoroheptane+octane","hexadecafluoroheptane","octane",0.525,19.75
"1048",1429,"hexadecafluoroheptane+octane","hexadecafluoroheptane","octane",0.724,18.32
"1049",1430,"hexadecafluoroheptane+octane","hexadecafluoroheptane","octane",0.946,17.5
"1050",1431,"hexadecafluoroheptane+nonane","hexadecafluoroheptane","nonane",0.157,24.28
"1051",1432,"hexadecafluoroheptane+nonane","hexadecafluoroheptane","nonane",0.263,23.79
"1052",1433,"hexadecafluoroheptane+nonane","hexadecafluoroheptane","nonane",0.471,21.55
"1053",1434,"hexadecafluoroheptane+nonane","hexadecafluoroheptane","nonane",0.652,19.78
"1054",1435,"hexadecafluoroheptane+nonane","hexadecafluoroheptane","nonane",0.868,17.56
"1055",1436,"tetrafluoromethane+trifluoromethane","tetrafluoromethane","trifluoromethane",0.21,50
"1056",1437,"tetrafluoromethane+trifluoromethane","tetrafluoromethane","trifluoromethane",0.51,48
"1057",1438,"ethene+ethanol","ethene","ethanol",0.175,82
"1058",1439,"ethene+ethanol","ethene","ethanol",0.3,99
"1059",1440,"ethene+ethanol","ethene","ethanol",0.35,106
"1060",1441,"ethene+ethanol","ethene","ethanol",0.44,120
"1061",1442,"ethene+ethanol","ethene","ethanol",0.575,129
"1062",1443,"benzene+methanol","benzene","methanol",0.1064,78.83
"1063",1444,"benzene+methanol","benzene","methanol",0.3056,75.5
"1064",1445,"benzene+methanol","benzene","methanol",0.4946,72.74
"1065",1446,"benzene+methanol","benzene","methanol",0.6894,66.22
"1066",1447,"benzene+methanol","benzene","methanol",0.8894,56.1
"1067",1448,"benzene+methanol","benzene","methanol",0.25,76.5
"1068",1449,"benzene+methanol","benzene","methanol",0.5,62.6
"1069",1450,"benzene+methanol","benzene","methanol",0.75,46.9
"1070",1456,"benzene+methanol","benzene","methanol",0.0436,78
"1071",1457,"benzene+methanol","benzene","methanol",0.1203,77
"1072",1458,"benzene+methanol","benzene","methanol",0.2909,74
"1073",1459,"benzene+methanol","benzene","methanol",0.5104,74
"1074",1460,"benzene+methanol","benzene","methanol",0.7869,71
"1075",1461,"benzene+methanol","benzene","methanol",0.0941,73
"1076",1462,"benzene+methanol","benzene","methanol",0.2147,69.9
"1077",1463,"benzene+methanol","benzene","methanol",0.3809,64.3
"1078",1464,"benzene+methanol","benzene","methanol",0.6213,53.7
"1079",1465,"benzene+ethanol","benzene","ethanol",0.014,61.16
"1080",1466,"benzene+ethanol","benzene","ethanol",0.059,60.94
"1081",1467,"benzene+ethanol","benzene","ethanol",0.11,60.74
"1082",1468,"benzene+ethanol","benzene","ethanol",0.3068,59.93
"1083",1469,"benzene+ethanol","benzene","ethanol",0.5046,58.83
"1084",1470,"benzene+ethanol","benzene","ethanol",0.6975,56.49
"1085",1471,"benzene+ethanol","benzene","ethanol",0.875,52.73
"1086",1472,"benzene+ethanol","benzene","ethanol",0.25,62.5
"1087",1473,"benzene+ethanol","benzene","ethanol",0.5,52.1
"1088",1474,"benzene+ethanol","benzene","ethanol",0.75,47.8
"1089",1481,"benzene+propan-1-ol","benzene","propan-1-ol",0.0152,51.61
"1090",1482,"benzene+propan-1-ol","benzene","propan-1-ol",0.0619,51.69
"1091",1483,"benzene+propan-1-ol","benzene","propan-1-ol",0.1106,51.57
"1092",1484,"benzene+propan-1-ol","benzene","propan-1-ol",0.3088,51.39
"1093",1485,"benzene+propan-1-ol","benzene","propan-1-ol",0.5037,51.1
"1094",1486,"benzene+propan-1-ol","benzene","propan-1-ol",0.7016,50.72
"1095",1487,"benzene+propan-1-ol","benzene","propan-1-ol",0.899,49.86
"1096",1488,"benzene+propan-1-ol","benzene","propan-1-ol",0.25,21.1
"1097",1489,"benzene+propan-1-ol","benzene","propan-1-ol",0.48,20
"1098",1494,"benzene+butan-1-ol","benzene","butan-1-ol",0.1123,45.01
"1099",1495,"benzene+butan-1-ol","benzene","butan-1-ol",0.3081,45.85
"1100",1496,"benzene+butan-1-ol","benzene","butan-1-ol",0.5046,46.63
"1101",1497,"benzene+butan-1-ol","benzene","butan-1-ol",0.5729,46.95
"1102",1498,"benzene+butan-1-ol","benzene","butan-1-ol",0.7019,47.55
"1103",1499,"benzene+butan-1-ol","benzene","butan-1-ol",0.8986,48.55
"1104",1511,"pentane+ethanol","pentane","ethanol",0.25,57
"1105",1512,"pentane+ethanol","pentane","ethanol",0.5,45.3
"1106",1513,"pentane+ethanol","pentane","ethanol",0.75,40.1
"1107",1607,"methanol+butan-1-ol","methanol","butan-1-ol",0.2381,54.46
"1108",1608,"methanol+butan-1-ol","methanol","butan-1-ol",0.5307,68.13
"1109",1609,"methanol+butan-1-ol","methanol","butan-1-ol",0.6993,74.29
"1110",1610,"methanol+butan-1-ol","methanol","butan-1-ol",0.8334,78.125
"1111",1611,"butan-1-ol+butan-2-ol","butan-1-ol","butan-2-ol",0.2214,43.22
"1112",1612,"butan-1-ol+butan-2-ol","butan-1-ol","butan-2-ol",0.5103,43.59
"1113",1613,"butan-1-ol+butan-2-ol","butan-1-ol","butan-2-ol",0.764,43.89
"1114",1614,"butan-1-ol+ethoxyethane","butan-1-ol","ethoxyethane",0.2561,40.18
"1115",1615,"butan-1-ol+ethoxyethane","butan-1-ol","ethoxyethane",0.5235,43.11
"1116",1616,"butan-1-ol+ethoxyethane","butan-1-ol","ethoxyethane",0.7288,44.09
"1117",1617,"butan-1-ol+ethoxyethane","butan-1-ol","ethoxyethane",0.869,44.29
"1130",1649,"ethane+propan-2-one","ethane","propan-2-one",0.265,69.8
"1131",1650,"ethane+propan-2-one","ethane","propan-2-one",0.499,89
"1132",1651,"ethane+propan-2-one","ethane","propan-2-one",0.661,92.1
"1133",1652,"ethane+propan-2-one","ethane","propan-2-one",0.788,81.1
"1134",1653,"ethane+propan-2-one","ethane","propan-2-one",0.827,80.9
"1135",1654,"propane+propan-2-one","propane","propan-2-one",0.138,52.6
"1136",1655,"propane+propan-2-one","propane","propan-2-one",0.339,58.1
"1137",1656,"propane+propan-2-one","propane","propan-2-one",0.507,58.3
"1138",1657,"propane+propan-2-one","propane","propan-2-one",0.666,54.3
"1139",1658,"propane+propan-2-one","propane","propan-2-one",0.779,49.9
"1140",1659,"butane+propan-2-one","butane","propan-2-one",0.254,48.2
"1141",1660,"butane+propan-2-one","butane","propan-2-one",0.403,46.8
"1142",1661,"butane+propan-2-one","butane","propan-2-one",0.626,43.6
"1143",1662,"butane+propan-2-one","butane","propan-2-one",0.771,40.9
"1144",1663,"pentane+propan-2-one","pentane","propan-2-one",0.071,46.2
"1145",1664,"pentane+propan-2-one","pentane","propan-2-one",0.315,43.3
"1146",1665,"pentane+propan-2-one","pentane","propan-2-one",0.539,39.6
"1147",1666,"pentane+propan-2-one","pentane","propan-2-one",0.626,37
"1148",1667,"pentane+propan-2-one","pentane","propan-2-one",0.799,35
"1149",1668,"hexane+propan-2-one","hexane","propan-2-one",0.072,45.6
"1150",1669,"hexane+propan-2-one","hexane","propan-2-one",0.161,43.6
"1151",1670,"hexane+propan-2-one","hexane","propan-2-one",0.359,40.3
"1152",1671,"hexane+propan-2-one","hexane","propan-2-one",0.441,38.1
"1153",1672,"hexane+propan-2-one","hexane","propan-2-one",0.696,35.8
"1154",1673,"hexane+propan-2-one","hexane","propan-2-one",0.889,33.1
"1155",1678,"heptane+propan-2-one","heptane","propan-2-one",0.0606,45.9
"1156",1679,"heptane+propan-2-one","heptane","propan-2-one",0.2,43
"1157",1680,"heptane+propan-2-one","heptane","propan-2-one",0.367,40.4
"1158",1681,"heptane+propan-2-one","heptane","propan-2-one",0.575,37.4
"1159",1682,"octane+propan-2-one","octane","propan-2-one",0.0187,46.6
"1160",1683,"octane+propan-2-one","octane","propan-2-one",0.041,46
"1161",1684,"octane+propan-2-one","octane","propan-2-one",0.151,44
"1162",1685,"octane+propan-2-one","octane","propan-2-one",0.286,41.9
"1163",1686,"octane+propan-2-one","octane","propan-2-one",0.514,38.4
"1164",1687,"octane+propan-2-one","octane","propan-2-one",0.614,36.4
"1165",1688,"octane+propan-2-one","octane","propan-2-one",0.772,32.2
"1166",1689,"decane+propan-2-one","decane","propan-2-one",0.025,46.3
"1167",1690,"decane+propan-2-one","decane","propan-2-one",0.057,46.3
"1168",1691,"decane+propan-2-one","decane","propan-2-one",0.111,46.4
"1169",1692,"decane+propan-2-one","decane","propan-2-one",0.162,46.5
"1170",1693,"decane+propan-2-one","decane","propan-2-one",0.206,46.3
"1171",1694,"decane+propan-2-one","decane","propan-2-one",0.318,45.9
"1172",1695,"decane+propan-2-one","decane","propan-2-one",0.365,45
"1173",1696,"tridecane+propan-2-one","tridecane","propan-2-one",0.055,49.8
"1174",1697,"tridecane+propan-2-one","tridecane","propan-2-one",0.108,51.8
"1175",1698,"tridecane+propan-2-one","tridecane","propan-2-one",0.185,54.2
"1177",1746,"butan-2-one+hexane","butan-2-one","hexane",0.1,31.65
"1178",1747,"butan-2-one+hexane","butan-2-one","hexane",0.3,33.99
"1179",1748,"butan-2-one+hexane","butan-2-one","hexane",0.5,36.27
"1180",1749,"butan-2-one+hexane","butan-2-one","hexane",0.7,38.61
"1181",1750,"butan-2-one+hexane","butan-2-one","hexane",0.9,40.69
"1182",1751,"butan-2-one+diethylamine","butan-2-one","diethylamine",0.1,38.04
"1183",1752,"butan-2-one+diethylamine","butan-2-one","diethylamine",0.3,38.96
"1184",1753,"butan-2-one+diethylamine","butan-2-one","diethylamine",0.5,39.78
"1185",1754,"butan-2-one+diethylamine","butan-2-one","diethylamine",0.7,40.58
"1186",1755,"butan-2-one+diethylamine","butan-2-one","diethylamine",0.9,41.33
"1212",1792,"hexane+diethylamine","hexane","diethylamine",0.1,36.49
"1213",1793,"hexane+diethylamine","hexane","diethylamine",0.3,34.98
"1214",1794,"hexane+diethylamine","hexane","diethylamine",0.5,33.76
"1215",1795,"hexane+diethylamine","hexane","diethylamine",0.7,32.58
"1216",1796,"hexane+diethylamine","hexane","diethylamine",0.9,31.13
"1227",1839,"ethene+trichloromethane","ethene","trichloromethane",0.797,102.2
"1228",1840,"ethene+trichloromethane","ethene","trichloromethane",0.83,92.1
"1229",1841,"ethene+trichloromethane","ethene","trichloromethane",0.894,77.8
"1230",1842,"ethene+trichloromethane","ethene","trichloromethane",0.969,61
"1231",1843,"ethene+chloroethene","ethene","chloroethene",0.7,82.4
"1232",1844,"ethene+1,1,1,3-tetrachloropropane","ethene","1,1,1,3-tetrachloropropane",0.89,127
"1233",1845,"ethene+1,1,1,3-tetrachloropropane","ethene","1,1,1,3-tetrachloropropane",0.91,100
"1234",1846,"ethene+1,1,1,3-tetrachloropropane","ethene","1,1,1,3-tetrachloropropane",0.981,68
"1235",1847,"ethene+1,1,1,5-tetrachloropentane","ethene","1,1,1,5-tetrachloropentane",0.892,118
"1236",1848,"ethene+1,1,1,7-tetrachloroheptane","ethene","1,1,1,7-tetrachloroheptane",0.907,156
"1237",1849,"ethene+1,1,1,9-tetrachlorononane","ethene","1,1,1,9-tetrachlorononane",0.91,184
"1253",1877,"dichloromethane+1-chloro-1,1,2,2,2-pentafluoroethane","dichloromethane","1-chloro-1,1,2,2,2-pentafluoroethane",0.735,48.9
"1254",1879,"chlorotrifluoromethane+trifluoromethane","chlorotrifluoromethane","trifluoromethane",0.5,43.57
"1255",1880,"dichlorodifluoromethane+1,1-difluoroethane","dichlorodifluoromethane","1,1-difluoroethane",0.606,44.3
"1256",1881,"dichlorodifluoromethane+1,1-difluoroethane","dichlorodifluoromethane","1,1-difluoroethane",0.606,43.5
"1257",1882,"chloro(fluoro)methane+1,1-dichloro-1,2,2,2-tetrafluoroethane","chloro(fluoro)methane","1,1-dichloro-1,2,2,2-tetrafluoroethane",0.753,51.6
"1258",1883,"2-chloro-1,1,1,2-tetrafluoroethane+octafluorocyclobutane","2-chloro-1,1,1,2-tetrafluoroethane","octafluorocyclobutane",0.77,29.42
